com,nccenr,nb_habitant,age_moyen,pop_active,taux_chomage,pop_densite,revenu_moyen,superficie_km2,agressions,cambriolages,vols_degradations,stupefiants,note_moyenne_globale,nb_avis,score_securite,score_education,score_loisirs,score_environnement,score_vie_pratique,estimation_pop_2026,estimation_pop_2025,part_0_14_ans,part_15_29_ans,part_30_44_ans,part_45_59_ans,part_60_74_ans,part_75_89_ans,part_90_plus,part_cadres,part_retraites,part_employes,part_ouvriers,part_sans_diplome,part_bac5_plus,part_couple_avec_enfant,part_personnes_seules,participation_1er_tour,participation_2nd_tour,inscrits_election,code_postal,nom_region,nom_departement,nom_metropole,nom_maire,nb_hypermarches,nb_supermarches,nb_superettes,nb_boulangeries,nb_boucheries,nb_restaurants,nb_garages,nb_stations_service,nb_banques,nb_bureaux_poste,nb_coiffeurs,nb_tabacs,nb_bars_discotheques,nb_bibliotheques,nb_cinemas,nb_veterinaires,nb_pharmacies,nb_hopitaux,nb_laboratoires_analyses,nb_etablissements_handicapes,nb_ehpa,nb_medecins,nb_dentistes,nb_chirurgiens,nb_dermatologues,nb_anesthesistes,nb_gastroenterologues,nb_gynecologues,nb_cancerologues,nb_neurologues,nb_ophtalmologues,nb_orl,nb_cardiologues,nb_pediatres,nb_pneumologues,nb_psychologues,nb_radiologues,nb_rhumatologues,nb_sages_femmes,nb_creches,nb_ecoles_maternelles_publiques,nb_ecoles_maternelles_privees,nb_ecoles_primaires_publiques,nb_ecoles_primaires_privees,nb_colleges_publics,nb_colleges_prives,nb_lycees_publics,nb_lycees_prives,prix_m2_maison,prix_m2_appartement,part_residences_principales,part_residences_secondaires,part_taux_proprietaires,part_taux_locataires
04070,Digne-les-Bains,17 979,46 ans,36.7%,8%,154 h/km²,21 480 €/an,117,253,50,545,113,3.5,29,3.4,3.5,3.5,4.4,2.6,18 210,18 019,14%,15%,14%,19%,20%,10%,2%,4%,27%,13%,6%,21%,7%,21%,35%,76.18,73.71,10 980,,région Provence-Alpes-Côte d'Azur,département des Alpes-de-Haute-Provence,,Mme Patricia GRANET-BRUNELLO,2,5,15,11,8,42,28,3,15,22,40,4,17,3,1,6,7,5,2,4,4,12,10,4,,,2,2,,,,1,4,1,,2,,,4,5,,,11,1,2,1,3,1,2 021 €,1 523 €,82.29%,6.92%,45.44%,54.56%
04112,Manosque,22 718,44 ans,42.8%,10.7%,406 h/km²,21 170 €/an,56,406,95,737,294,3.0,28,2.8,3.1,3.1,3.2,3.0,23 427,23 295,18%,15%,18%,20%,17%,12%,2%,7%,26%,12%,10%,22%,12%,28%,29%,70.71,68.44,15 533,04100,région Provence-Alpes-Côte d'Azur,département des Alpes-de-Haute-Provence,,M. Camille GALTIER,3,5,24,15,8,72,43,6,21,74,50,3,25,,1,8,9,3,6,5,3,21,19,13,1,,2,3,1,,5,,5,2,1,3,,,2,8,4,,8,1,3,1,3,2,2 665 €,1 777 €,84.89%,3.27%,46.78%,53.22%
06004,Antibes,77 637,46 ans,43.8%,9.3%,2 986 h/km²,24 410 €/an,26,1 007,242,3 544,507,3.4,76,3.4,3.4,3.5,3.2,3.4,76 676,76 424,14%,14%,18%,19%,18%,12%,2%,11%,27%,13%,6%,19%,17%,25%,30%,73.91,72.98,54 402,06600,région Provence-Alpes-Côte d'Azur,département des Alpes-Maritimes,,M. Jean LEONETTI,1,19,96,55,48,379,153,13,37,435,204,19,80,1,2,24,33,3,9,7,12,62,44,19,4,6,5,9,1,2,9,5,11,4,2,8,18,4,8,23,14,,14,7,5,3,4,2,7 333 €,5 151 €,59.14%,35.71%,54.53%,45.47%
06012,Beausoleil,11 936,43 ans,54.6%,6.4%,5 968 h/km²,22 510 €/an,2,121,19,360,8,2.3,5,2.2,2.2,2.4,2.2,2.4,11 771,11 960,16%,18%,21%,27%,17%,9%,1%,6%,22%,22%,14%,32%,8%,33%,26%,65.39,66.48,6 178,06240,région Provence-Alpes-Côte d'Azur,département des Alpes-Maritimes,,M. Gérard SPINELLI,,2,13,10,5,37,29,2,7,14,21,1,7,1,,4,5,,4,,2,14,34,2,1,,3,,,1,3,1,2,3,,1,,,,5,2,1,4,,1,,,,11 935 €,7 001 €,61.91%,37.87%,44.22%,55.78%
06029,Cannes,74 350,47 ans,40.4%,11.7%,3 913 h/km²,21 210 €/an,19,1 636,408,4 502,1 079,3.2,89,3.0,3.3,3.3,3.2,3.3,73 661,73 688,14%,14%,16%,19%,18%,14%,3%,5%,29%,15%,7%,24%,10%,23%,33%,70.49,68.7,50 911,06400,région Provence-Alpes-Côte d'Azur,département des Alpes-Maritimes,,M. David LISNARD,1,20,122,67,43,576,145,11,49,547,276,13,138,3,8,13,36,3,11,8,13,77,66,28,7,6,5,10,,2,12,9,16,3,2,9,25,2,5,30,9,,18,5,4,3,5,7,7 154 €,6 389 €,51.25%,46.63%,46.27%,53.73%
06030,Carros,41 938,46 ans,44.1%,9.8%,5 991 h/km²,22 250 €/an,7,487,96,1 058,51,3.7,19,3.7,3.8,3.7,3.4,3.9,41 089,41 162,14%,14%,18%,20%,19%,13%,2%,6%,28%,15%,8%,21%,9%,26%,31%,72.79,71.92,28 166,,région Provence-Alpes-Côte d'Azur,département des Alpes-Maritimes,,M. Yves PIGRENET,1,3,31,32,16,61,122,6,18,323,114,4,14,1,,24,16,1,7,2,7,39,30,,3,,,,,,2,1,5,5,1,3,,1,1,12,7,,7,,2,,,,5 931 €,3 887 €,79.96%,14.88%,57.6%,42.4%
06057,Mougins,2 585,44 ans,43.5%,7.2%,259 h/km²,22 400 €/an,10,13,0,22,0,4.4,3,4.3,4.3,3.7,5.0,4.7,2 608,2 599,17%,14%,17%,22%,16%,10%,3%,2%,27%,17%,7%,21%,5%,36%,19%,74.02,73.69,1 982,,région Provence-Alpes-Côte d'Azur,département des Alpes-Maritimes,,M. Pierre DONADEY,,,2,2,,1,5,,1,5,5,1,3,,,2,1,,,2,3,4,1,,,,,,,,,1,,,,,,,,1,,,1,,1,,,,2 361 €,2 232 €,79.75%,8.66%,62.05%,37.95%
06079,Menton,21 640,48 ans,42.9%,10.5%,698 h/km²,24 180 €/an,31,352,48,952,327,3.8,44,4.2,3.5,3.8,3.8,3.6,20 944,21 081,14%,13%,16%,19%,21%,15%,2%,7%,32%,15%,6%,19%,10%,24%,27%,77.86,77.66,19 140,,région Provence-Alpes-Côte d'Azur,département des Alpes-Maritimes,,M. Sébastien LEROY,1,2,18,16,11,98,46,2,14,83,64,1,17,,,14,9,,3,,3,18,17,,1,,1,1,,,2,2,,1,,1,3,1,1,9,4,,6,,2,,,,4 561 €,4 864 €,51.58%,43.28%,58.57%,41.43%
06081,Roquebrune-Cap-Martin,97,56 ans,34%,10.5%,3 h/km²,NC,32,0,0,0,0,0,5,,,,,,61,70,9%,4%,10%,27%,35%,15%,2%,0%,62%,0%,5%,22%,2%,12%,29%,77.19,71.93,114,,région Provence-Alpes-Côte d'Azur,département des Alpes-Maritimes,,M. Ludovic SANCHEZ,,,1,,,1,,,,,,,,,,,,,,,,,,,,,,,,,,,,,,,,,,,,,,,,,,,1 583 €,686 €,28.02%,51.21%,89.66%,10.34%
06085,Le Cannet,19 782,44 ans,48.2%,7.8%,791 h/km²,27 390 €/an,25,199,43,612,538,3.7,14,3.9,3.9,3.7,3.4,3.5,20 549,20 395,17%,15%,19%,23%,18%,9%,2%,13%,23%,13%,6%,17%,18%,34%,19%,72.35,72.67,14 411,06250,région Provence-Alpes-Côte d'Azur,département des Alpes-Maritimes,,M. Richard GALY,,5,10,15,7,77,63,5,7,51,44,1,11,,1,12,9,,2,4,7,20,15,13,,9,2,4,2,1,4,5,7,,1,4,18,1,1,10,5,,6,1,1,,,1,4 917 €,4 449 €,76.53%,18.67%,62.36%,37.64%
06088,Nice,357 737,43 ans,42.3%,9.8%,5 039 h/km²,21 570 €/an,71,6 241,1 288,14 881,3 994,3.2,245,2.7,3.3,3.4,3.2,3.5,356 581,355 114,15%,18%,17%,18%,17%,10%,2%,8%,23%,14%,7%,21%,14%,27%,31%,70.22,67.86,220 899,06000,région Provence-Alpes-Côte d'Azur,département des Alpes-Maritimes,la Métropole Nice Côte d'Azur,M. Christian ESTROSI,5,90,510,277,171,1516,641,32,186,3172,892,52,387,1,13,58,153,7,48,46,41,333,302,113,37,55,25,58,6,18,44,23,54,36,14,105,50,15,30,106,60,,89,30,19,15,13,25,5 368 €,4 765 €,72.25%,13.73%,47.43%,52.57%
10387,Troyes,62 088,39 ans,43.8%,14.9%,4 776 h/km²,18 260 €/an,13,1 427,151,2 143,429,3.3,85,3.3,3.5,3.2,3.2,3.1,63 427,63 208,18%,25%,17%,16%,15%,8%,2%,5%,20%,14%,12%,28%,9%,20%,41%,67.55,66.49,30 515,10000,région Grand Est,département de l'Aube,,M. François BAROIN,,19,63,28,23,138,62,5,32,551,138,6,56,3,1,8,15,3,6,8,10,39,28,10,3,3,4,12,,1,4,6,6,,,3,11,2,8,23,9,,18,10,4,4,5,8,2 036 €,1 749 €,86.39%,4.33%,28.95%,71.05%
11069,Carcassonne,46 080,44 ans,41.8%,13.2%,709 h/km²,19 240 €/an,65,838,362,2 142,353,2.8,65,2.5,2.8,3.0,3.0,2.6,46 630,46 581,16%,18%,16%,20%,19%,11%,2%,5%,26%,16%,8%,22%,8%,23%,32%,74.1,71.25,29 695,11000,région Occitanie,département de l'Aude,,M. Gérard LARRAT,3,14,57,18,21,211,107,11,33,208,110,13,43,3,1,10,17,1,6,10,7,18,28,3,3,1,,1,,1,4,,6,4,,3,12,3,9,11,14,,16,6,6,1,4,3,1 560 €,1 171 €,85.02%,4.91%,47.22%,52.78%
11076,Castelnaudary,12 151,43 ans,45%,9.3%,259 h/km²,19 700 €/an,47,191,46,441,72,3.1,18,3.3,3.3,3.1,2.6,3.0,13 066,12 901,15%,22%,17%,18%,16%,12%,2%,5%,26%,20%,9%,23%,7%,24%,31%,69.99,68.37,7 378,11400,région Occitanie,département de l'Aude,,M. Patrick MAUGARD,2,3,10,10,6,33,35,5,6,10,26,4,6,,2,6,4,3,2,3,4,7,15,4,,,,3,,,1,,1,,,,,2,3,5,3,,4,1,2,1,2,,1 254 €,1 042 €,90.51%,1.87%,43.53%,56.47%
11262,Narbonne,57 587,44 ans,39.9%,13.4%,333 h/km²,19 850 €/an,173,1 178,296,2 908,622,3.0,80,2.9,3.1,3.1,3.1,3.0,59 030,58 524,15%,16%,16%,19%,19%,10%,2%,5%,26%,13%,8%,23%,8%,22%,32%,71.04,68.53,39 431,11100,région Occitanie,département de l'Aude,,M. Didier MOULY,5,18,56,33,22,204,100,13,27,194,141,14,48,1,2,13,23,8,8,17,6,40,34,8,3,,1,8,,,9,1,1,1,3,4,18,1,7,14,15,,15,5,5,2,3,4,2 779 €,1 971 €,75.34%,16.33%,42.57%,57.43%
13001,Aix-en-Provence,149 695,41 ans,46.2%,7.9%,805 h/km²,25 810 €/an,186,1 960,1 009,6 475,2 517,3.5,122,3.5,3.7,3.5,3.2,3.5,151 580,150 713,13%,26%,18%,17%,14%,8%,1%,14%,18%,12%,5%,14%,26%,24%,34%,74.72,72.77,94 443,,région Provence-Alpes-Côte d'Azur,département des Bouches-du-Rhône,la Métropole d'Aix-Marseille-Provence,Mme Maryse JOISSAINS-MASINI,3,20,136,84,43,510,184,15,118,850,287,24,105,8,7,47,54,1,27,20,15,143,104,72,12,34,12,33,4,10,26,15,29,13,13,34,34,9,13,111,36,2,37,16,8,10,6,11,5 142 €,4 977 €,84.93%,6.12%,38.8%,61.2%
13004,Arles,51 811,44 ans,39.5%,9.4%,68 h/km²,20 060 €/an,758,765,295,2 057,1 077,2.7,66,2.5,2.8,2.9,2.5,2.7,49 973,50 201,16%,15%,17%,20%,20%,9%,1%,5%,24%,12%,9%,27%,8%,29%,26%,74.02,70.98,37 474,13104,région Provence-Alpes-Côte d'Azur,département des Bouches-du-Rhône,,M. Patrick DE CAROLIS,2,6,45,32,18,193,98,8,21,129,108,7,60,1,2,13,22,4,5,9,8,47,21,9,1,2,4,2,,1,8,2,7,1,2,6,6,2,4,13,16,,23,3,4,2,3,2,2 570 €,2 480 €,83.09%,4.92%,50.97%,49.03%
13005,Allauch,47 529,42 ans,44.4%,9.8%,880 h/km²,22 550 €/an,54,727,220,1 931,661,2.7,45,2.6,3.0,2.8,2.2,3.0,48 990,48 679,17%,17%,18%,20%,17%,9%,2%,6%,23%,15%,9%,22%,9%,34%,23%,72.34,70.38,33 500,13400,région Provence-Alpes-Côte d'Azur,département des Bouches-du-Rhône,la Métropole d'Aix-Marseille-Provence,M. Gérard GAZAY,1,6,33,33,20,107,162,7,20,175,120,3,29,1,7,16,22,2,7,10,10,57,38,18,4,6,6,7,1,9,5,7,10,5,3,19,20,1,7,20,12,,13,2,3,1,2,1,4 613 €,2 942 €,91%,1.45%,48.26%,51.74%
13006,Aubagne,1 533,44 ans,47.4%,5.7%,73 h/km²,24 830 €/an,21,0,5,18,0,5.0,1,5.0,5.0,5.0,5.0,5.0,1 526,1 528,17%,12%,20%,22%,22%,7%,1%,8%,26%,16%,9%,20%,8%,34%,17%,81.92,81.64,1 344,13930,région Provence-Alpes-Côte d'Azur,département des Bouches-du-Rhône,,M. Lionel ESCOFFIER,,,1,1,1,2,3,,,2,3,,1,,,,,,,,,2,,,,,,,,,,,,,,,,,,,1,,1,,,,,,3 785 €,2 364 €,85.29%,7.48%,61.55%,38.45%
13033,Châteaurenard,5 757,42 ans,49.4%,6%,230 h/km²,29 210 €/an,25,14,14,152,70,3.2,4,3.3,3.3,3.3,3.8,2.3,5 967,5 921,18%,13%,20%,22%,18%,8%,1%,16%,21%,8%,5%,11%,21%,40%,15%,77.24,78.3,5 071,,région Provence-Alpes-Côte d'Azur,département des Bouches-du-Rhône,la Métropole d'Aix-Marseille-Provence,M. Michel ILLAC,,1,3,4,2,6,14,,,4,8,1,,,,1,2,,1,,,3,5,,1,,,,,,,,2,,,,,,,3,1,,1,,,,,,5 794 €,5 778 €,81.93%,12.96%,74.85%,25.15%
13036,Châteauneuf-les-Martigues,4 298,46 ans,46.5%,6.7%,215 h/km²,23 990 €/an,20,17,22,104,29,4.1,2,4.0,4.0,4.5,4.5,3.5,4 352,4 357,16%,15%,16%,22%,21%,11%,2%,7%,27%,12%,10%,21%,9%,32%,20%,76.49,76.9,3 577,13630,région Provence-Alpes-Côte d'Azur,département des Bouches-du-Rhône,,M. Max GILLES,,,1,2,1,6,3,1,1,1,8,2,2,1,,1,1,,,,2,3,3,,,,,,,,,,,,,,,,1,3,1,,1,,,,,,2 924 €,2 487 €,88.32%,5.28%,65.93%,34.07%
13041,La Ciotat,21 597,41 ans,46.7%,8.2%,800 h/km²,22 780 €/an,27,311,119,786,453,3.2,23,3.0,3.5,3.6,2.5,3.4,22 492,22 287,18%,18%,19%,20%,17%,8%,1%,6%,21%,14%,10%,22%,9%,34%,22%,70.57,68.28,16 726,13120,région Provence-Alpes-Côte d'Azur,département des Bouches-du-Rhône,la Métropole d'Aix-Marseille-Provence,M. Hervé GRANIER,,6,9,13,9,25,49,5,8,45,50,3,16,1,1,4,8,,4,1,1,23,5,3,1,,,1,,,2,4,1,1,,1,1,2,5,7,6,,7,1,2,,2,,3 741 €,3 334 €,93.64%,0.88%,49.51%,50.49%
13043,Éguilles,10 343,41 ans,46.5%,9%,1 293 h/km²,24 490 €/an,8,103,24,239,78,3.0,9,3.2,3.2,2.9,3.2,2.7,10 772,10 621,17%,15%,20%,19%,18%,6%,1%,6%,19%,13%,9%,21%,7%,38%,15%,73.26,73.34,8 028,,région Provence-Alpes-Côte d'Azur,département des Bouches-du-Rhône,la Métropole d'Aix-Marseille-Provence,M. Christian AMIRATY,,2,3,7,4,7,36,3,2,7,19,2,3,,,2,3,,1,,,7,1,,,,,,,,,,,,,,,,,4,3,,4,1,1,,,1,3 731 €,3 143 €,95.74%,0.51%,69.17%,30.83%
13045,Fos-sur-Mer,4 698,42 ans,50.4%,7.3%,204 h/km²,23 070 €/an,23,35,21,102,71,3.4,2,3.0,4.0,3.5,4.0,2.5,4 769,4 773,19%,15%,20%,22%,19%,7%,1%,7%,24%,15%,10%,17%,9%,36%,20%,77.82,77.05,3 836,13690,région Provence-Alpes-Côte d'Azur,département des Bouches-du-Rhône,,M. Michel PÉCOUT,,1,1,2,,10,9,,2,1,13,,3,,,,1,,,,1,4,1,,,,,,,,,,,,,,,,,3,1,,1,1,,,,,2 870 €,2 308 €,89.55%,2.94%,62.99%,37.01%
13047,Gardanne,44 292,41 ans,47.9%,8.3%,392 h/km²,22 710 €/an,113,639,155,1 195,404,3.4,44,3.2,3.4,3.9,3.1,3.3,44 907,44 746,18%,18%,19%,20%,18%,7%,1%,5%,20%,16%,10%,19%,6%,32%,22%,77.15,76.69,30 422,13118,région Provence-Alpes-Côte d'Azur,département des Bouches-du-Rhône,la Métropole d'Aix-Marseille-Provence,M. François BERNARDINI,2,5,21,15,11,69,55,4,14,152,77,7,22,,1,8,13,,5,7,3,21,25,6,2,,,2,,,5,,2,2,1,,8,,7,16,11,1,14,1,4,,2,1,3 548 €,2 756 €,94.37%,1.81%,51.6%,48.4%
13052,Lambesc,2 775,41 ans,48.2%,7.7%,173 h/km²,24 450 €/an,16,31,14,51,0,4.4,1,5.0,4.0,5.0,4.0,4.0,2 904,2 869,19%,13%,20%,20%,16%,7%,2%,5%,22%,14%,11%,18%,9%,36%,17%,78.81,79.61,2 001,13910,région Provence-Alpes-Côte d'Azur,département des Bouches-du-Rhône,,M. Eric LECOFFRE,,,1,2,,4,6,,,4,7,1,3,,,,1,,,,1,2,,,,,,,,,,,,,,,,,,1,,,1,1,,,,,3 253 €,3 073 €,84.36%,7.22%,61.94%,38.06%
13053,Lançon-Provence,6 166,43 ans,47.3%,9%,220 h/km²,24 230 €/an,28,75,30,181,10,3.0,6,2.7,3.0,3.3,3.2,2.8,6 329,6 295,18%,15%,17%,23%,18%,8%,2%,7%,23%,13%,10%,20%,9%,37%,17%,73.51,73.37,5 482,13370,région Provence-Alpes-Côte d'Azur,département des Bouches-du-Rhône,la Métropole d'Aix-Marseille-Provence,Mme Hélène GENTE-CEAGLIO,,2,3,7,4,11,15,3,4,6,16,1,3,1,,1,2,,2,,2,5,5,,,,,,,,,,,,,,,,2,4,2,,2,1,1,,,,3 115 €,3 266 €,63.04%,30.29%,65.57%,34.43%
13054,Martigues,33 692,41 ans,45.1%,9.3%,1 465 h/km²,21 690 €/an,23,383,92,1 337,348,3.4,22,3.1,3.3,3.7,3.0,3.7,32 566,32 653,18%,15%,19%,19%,16%,8%,1%,5%,20%,13%,10%,25%,6%,36%,22%,70.59,70.34,22 922,13700,région Provence-Alpes-Côte d'Azur,département des Bouches-du-Rhône,la Métropole d'Aix-Marseille-Provence,M. Eric LE DISSES,,5,26,24,12,34,91,5,16,119,72,3,15,,3,7,11,3,5,7,4,25,12,11,3,8,4,1,1,,,3,5,1,2,3,13,1,3,10,8,,9,1,2,1,2,,3 836 €,2 479 €,91.03%,1.68%,59.24%,40.76%
13055,Marseille,886 040,40 ans,41.6%,9.9%,3 692 h/km²,20 600 €/an,240,34 718,8 946,112 314,66 740,2.5,535,2.0,2.6,2.8,2.2,2.8,889 010,886 354,18%,19%,19%,18%,15%,8%,1%,8%,19%,13%,7%,24%,14%,29%,30%,68.03,64.65,520 379,13001,région Provence-Alpes-Côte d'Azur,département des Bouches-du-Rhône,la Métropole d'Aix-Marseille-Provence,Mme Michèle RUBIROLA,15,152,1127,714,371,2399,1597,62,343,7901,1522,93,917,28,30,151,363,14,132,100,89,722,524,193,40,86,41,96,3,36,68,46,120,55,25,177,89,24,92,384,213,1,232,72,56,46,33,51,5 095 €,3 137 €,88.56%,3.26%,43.22%,56.78%
13057,Miramas,564,42 ans,45.9%,7.1%,564 h/km²,26 870 €/an,1,0,0,0,0,0,5,,,,,,548,544,14%,15%,14%,24%,19%,4%,1%,3%,21%,14%,11%,14%,10%,34%,14%,86.65,87.78,442,,région Provence-Alpes-Côte d'Azur,département des Bouches-du-Rhône,,M. Laurent GESLIN,,,,1,,2,,,,1,4,1,,,,,,,,,,,1,,,,,,,,,,,,,,,,,1,,,1,,,,,,4 927 €,3 111 €,88.11%,6.97%,75.81%,24.19%
13058,Meyreuil,2 347,49 ans,42.1%,8.7%,76 h/km²,26 190 €/an,31,0,25,81,0,2.0,1,1.0,4.0,3.0,1.0,1.0,2 481,2 460,14%,11%,16%,20%,25%,13%,3%,8%,36%,12%,7%,21%,11%,26%,20%,82.08,83.42,1 942,,région Provence-Alpes-Côte d'Azur,département des Bouches-du-Rhône,,M. Jean-Christophe CARRÉ,,,1,4,1,15,3,,1,,7,,3,,,1,1,,2,,2,5,1,,,,,,,,,,,1,,,,,,1,1,,1,,,,,,6 489 €,4 719 €,61.66%,29.93%,60.36%,39.64%
13060,Peynier,6 747,41 ans,44.3%,6.9%,337 h/km²,27 130 €/an,20,39,39,172,36,5.0,2,5.0,5.0,5.0,5.0,5.0,6 806,6 677,15%,14%,17%,20%,14%,5%,1%,10%,14%,11%,6%,16%,17%,43%,15%,78.25,79.29,5 090,13590,région Provence-Alpes-Côte d'Azur,département des Bouches-du-Rhône,la Métropole d'Aix-Marseille-Provence,M. Jean-Pascal GOURNES,,,3,2,,10,19,2,1,7,10,2,3,,,1,2,,,,,3,2,,,,,,,,,,,,,,,,1,4,1,,3,,,,,,4 113 €,4 092 €,94.07%,1.79%,65.48%,34.52%
13061,Peypin,229,43 ans,47.6%,8.2%,57 h/km²,22 850 €/an,4,0,0,0,0,0,5,,,,,,231,229,17%,12%,19%,24%,14%,10%,1%,8%,33%,6%,2%,17%,10%,37%,21%,81.96,78.87,194,,région Provence-Alpes-Côte d'Azur,département des Bouches-du-Rhône,,Mme Laurie PONS,,,,,,,1,,,,,,,,,,,,,,,,,,,,,,,,,,,,,,,,,,,,1,,,,,,2 271 €,3 659 €,79.84%,13.71%,57.58%,42.42%
13062,Plan-de-Cuques,4 241,46 ans,43.2%,6.7%,236 h/km²,29 340 €/an,18,12,17,70,0,3.3,7,3.0,4.1,2.6,4.1,2.7,3 922,3 980,15%,12%,15%,23%,22%,10%,1%,12%,28%,10%,5%,15%,16%,38%,12%,80.13,79.37,3 976,13105,région Provence-Alpes-Côte d'Azur,département des Bouches-du-Rhône,la Métropole d'Aix-Marseille-Provence,M. Georges CRISTIANI,,1,,4,,4,4,,,8,8,1,1,,,1,2,,,,1,3,4,,,,,,,,,,,,,,,,,3,1,,2,,,,,,3 788 €,2 387 €,95.4%,1.12%,81.16%,18.84%
13064,Port-de-Bouc,2 647,43 ans,48%,7.3%,189 h/km²,24 800 €/an,14,13,17,37,0,4.2,3,4.3,4.0,4.0,4.7,4.0,2 717,2 704,18%,14%,18%,23%,20%,8%,1%,5%,26%,13%,10%,22%,8%,36%,14%,78.9,80.14,2 171,13940,région Provence-Alpes-Côte d'Azur,département des Bouches-du-Rhône,,Mme Corinne CHABAUD,,,2,4,1,4,8,,,1,3,1,3,,,,1,,,,,3,,,,,,,,,,,,,,,,,,2,1,,1,,,,,,2 958 €,2 860 €,87.03%,5.64%,70.45%,29.55%
13067,Rognac,2 762,45 ans,42.9%,8.5%,81 h/km²,20 490 €/an,34,20,10,76,5,0,5,,,,,,2 488,2 541,16%,14%,17%,22%,21%,9%,1%,4%,26%,12%,10%,26%,6%,31%,24%,75.26,73.06,2 138,13660,région Provence-Alpes-Côte d'Azur,département des Bouches-du-Rhône,,M. Serge PORTAL,,1,2,4,4,7,4,2,1,4,8,,2,,,,1,,,,,2,1,,,,,,,,,,,,,,,,,,1,,1,,1,,,,2 106 €,1 841 €,85.75%,5.43%,65.98%,34.02%
13068,Rousset,2 159,40 ans,47.5%,6.1%,135 h/km²,27 350 €/an,16,0,20,26,0,5.0,1,5.0,5.0,5.0,5.0,5.0,2 337,2 301,22%,10%,24%,18%,17%,8%,0%,9%,19%,12%,7%,11%,13%,44%,13%,77.46,78.95,1 659,13520,région Provence-Alpes-Côte d'Azur,département des Bouches-du-Rhône,,Mme Pascale LICARI,,,1,1,1,6,1,1,,,2,,,,,,,,,,,1,,,,,,,,,,,,,,,,,,,1,,1,,,,,,4 413 €,3 679 €,61.74%,32.39%,79.38%,20.62%
13069,Le Rove,11 085,44 ans,44.3%,6.6%,583 h/km²,27 170 €/an,19,83,29,192,46,3.5,14,3.3,4.1,3.6,3.1,3.6,11 269,11 159,16%,13%,17%,21%,18%,9%,1%,10%,24%,10%,5%,14%,15%,34%,16%,76.91,76.19,9 151,13330,région Provence-Alpes-Côte d'Azur,département des Bouches-du-Rhône,la Métropole d'Aix-Marseille-Provence,M. Pascal MONTÉCOT,,2,6,6,3,11,15,1,3,8,18,2,6,,,3,3,,1,2,1,6,5,,1,,,,,,1,,,,,2,,,1,3,,,3,1,1,,,,3 568 €,3 048 €,93.18%,1.14%,73.05%,26.95%
13070,Saint-Chamas,6 605,43 ans,45.6%,6.9%,2 202 h/km²,24 300 €/an,3,62,36,278,109,3.2,1,3.0,4.0,4.0,2.0,3.0,6 716,6 686,17%,16%,17%,20%,17%,9%,2%,6%,24%,15%,7%,19%,9%,36%,17%,74.32,72.92,5 028,,région Provence-Alpes-Côte d'Azur,département des Bouches-du-Rhône,la Métropole d'Aix-Marseille-Provence,Mme Christine CAPDEVILLE,,,11,7,9,15,28,,3,7,10,1,3,,,2,3,,2,,2,6,2,,,,,,,,,,,,,10,,,1,2,3,,3,,,,,,5 065 €,3 605 €,94.22%,1.55%,58.09%,41.91%
13072,Saint-Marc-Jaumegarde,3 739,42 ans,46.1%,6.3%,156 h/km²,29 250 €/an,24,0,14,67,32,0,5,,,,,,3 898,3 847,17%,13%,19%,21%,18%,6%,1%,11%,22%,8%,5%,9%,20%,40%,17%,81.01,80.64,2 864,13790,région Provence-Alpes-Côte d'Azur,département des Bouches-du-Rhône,la Métropole d'Aix-Marseille-Provence,M. Christian BURLE,,,1,3,1,7,2,,1,1,4,1,3,,,2,1,,,,,,4,,,,,,,,,,,,,,,,,1,,,1,,,,,,3 491 €,3 781 €,87.63%,3.48%,74.04%,25.96%
13073,Saint-Martin-de-Crau,5 771,44 ans,45.4%,7%,444 h/km²,27 300 €/an,13,19,19,146,6,3.0,8,3.4,3.1,3.0,3.0,2.5,5 792,5 761,16%,12%,18%,22%,21%,7%,1%,8%,25%,13%,7%,17%,10%,38%,16%,78.87,77.94,4 610,13124,région Provence-Alpes-Côte d'Azur,département des Bouches-du-Rhône,la Métropole d'Aix-Marseille-Provence,M. Jean Marie LEONARDIS,,2,2,4,4,8,14,2,,6,11,1,1,,,,2,,,1,,2,3,,,,,,,,,,,,,,,,,3,2,,2,,,,,,4 459 €,2 938 €,94.59%,1.43%,78.49%,21.51%
13075,Saint-Savournin,11 632,47 ans,37.4%,4.8%,1 454 h/km²,26 120 €/an,8,74,44,322,0,4.4,13,4.3,4.3,4.5,4.6,4.2,12 256,12 108,14%,14%,15%,20%,19%,14%,3%,7%,30%,12%,5%,20%,9%,32%,22%,75.76,75.2,9 916,,région Provence-Alpes-Côte d'Azur,département des Bouches-du-Rhône,la Métropole d'Aix-Marseille-Provence,M. Laurent SIMON,,3,8,6,7,18,15,1,5,12,26,,3,,,3,4,,2,,4,7,10,1,2,,1,1,,,1,1,2,1,1,,,1,2,6,3,,3,,1,,,,5 298 €,3 848 €,94.87%,1.12%,69.18%,30.82%
13076,Saint-Victoret,3 573,42 ans,46.6%,6.8%,255 h/km²,22 810 €/an,14,29,29,102,21,3.5,7,3.4,3.6,4.1,3.0,3.1,3 680,3 654,19%,13%,21%,23%,17%,7%,1%,4%,21%,13%,12%,25%,7%,41%,14%,77.53,77.14,2 626,,région Provence-Alpes-Côte d'Azur,département des Bouches-du-Rhône,,M. Jean-Louis LEPIAN,,2,1,3,,6,10,3,,7,6,1,5,,,3,1,,,1,1,1,1,,,,,,,,,,,,,,,,1,2,1,,1,,,,,,2 829 €,1 834 €,87.7%,3.34%,69.5%,30.5%
13078,Sausset-les-Pins,8 573,43 ans,41%,9.8%,117 h/km²,20 700 €/an,73,123,12,425,107,2.1,8,1.8,2.4,2.6,1.8,1.8,8 408,8 420,17%,16%,17%,21%,17%,9%,1%,1%,25%,13%,16%,34%,2%,29%,24%,73.39,68.22,6 317,,région Provence-Alpes-Côte d'Azur,département des Bouches-du-Rhône,la Métropole d'Aix-Marseille-Provence,M. Martial ALVAREZ,,3,4,5,1,27,10,2,5,4,21,4,9,,1,1,2,,1,,1,5,1,,,,,,,,,,,,,1,,,1,,4,,3,,1,,,1,2 616 €,2 257 €,83.13%,6.34%,40.05%,59.95%
13080,Simiane-Collongue,5 935,43 ans,44.8%,6.3%,129 h/km²,26 760 €/an,46,34,29,146,51,2.8,1,4.0,4.0,2.0,2.0,2.0,6 077,6 033,18%,13%,18%,22%,17%,9%,2%,11%,20%,12%,6%,20%,16%,39%,17%,75.37,75.46,4 633,,région Provence-Alpes-Côte d'Azur,département des Bouches-du-Rhône,la Métropole d'Aix-Marseille-Provence,M. Jean-David CIOT,,,5,3,2,11,6,1,3,3,8,1,2,,,1,2,,1,3,1,4,4,,,,,,,,,,,,,,,,1,1,1,,2,,1,,,,3 523 €,2 035 €,88.95%,2.99%,65.89%,34.11%
13082,Trets,4 693,46 ans,42.5%,9.8%,81 h/km²,28 820 €/an,58,37,37,76,0,3.3,2,3.5,3.0,4.0,3.0,3.0,4 551,4 570,15%,12%,16%,23%,20%,10%,2%,12%,26%,9%,5%,14%,18%,37%,16%,79.98,78.56,4 086,13840,région Provence-Alpes-Côte d'Azur,département des Bouches-du-Rhône,la Métropole d'Aix-Marseille-Provence,M. Jean-François CORNO,,1,3,2,2,4,7,,1,2,5,1,1,,,,1,,1,,2,5,3,,,,,,,,,,,,,,,,,1,1,,1,,1,,,,2 888 €,2 917 €,83.44%,6.39%,70.62%,29.38%
13083,Velaux,4 261,45 ans,44.2%,7.1%,473 h/km²,23 980 €/an,9,12,32,86,53,4.5,2,4.5,5.0,4.5,4.0,4.5,4 239,4 220,15%,13%,15%,20%,19%,11%,1%,6%,29%,11%,10%,21%,7%,30%,21%,80.99,81.42,3 293,13870,région Provence-Alpes-Côte d'Azur,département des Bouches-du-Rhône,,M. Yves PICARDA,,1,1,3,,4,17,2,3,2,6,,4,,,,1,,1,,1,4,1,,1,,,,,,,,,,,,,,,1,1,,1,1,,1,,,3 010 €,1 996 €,91.03%,1.2%,58.88%,41.12%
13084,Venelles,5 459,43 ans,42.6%,8.3%,218 h/km²,22 940 €/an,25,56,19,97,41,3.4,5,2.8,2.8,3.8,3.8,4.0,5 369,5 378,18%,14%,17%,22%,16%,9%,2%,6%,23%,14%,8%,24%,10%,38%,21%,74.7,71.56,3 755,,région Provence-Alpes-Côte d'Azur,département des Bouches-du-Rhône,la Métropole d'Aix-Marseille-Provence,M. Jean-Pierre SERRUS,,1,3,5,3,10,4,1,1,2,6,1,3,,,1,1,,1,3,3,4,2,,,,,1,,,,,,1,,,,,,2,2,,2,,,,,,3 180 €,2 324 €,90.58%,1.26%,54.36%,45.64%
13085,Ventabren,5 798,45 ans,44.8%,6%,187 h/km²,27 130 €/an,31,11,35,139,0,3.6,2,3.5,4.0,3.0,4.5,3.0,6 082,6 039,18%,12%,19%,20%,19%,12%,2%,13%,24%,12%,4%,16%,15%,38%,14%,78.48,78.71,4 679,,région Provence-Alpes-Côte d'Azur,département des Bouches-du-Rhône,la Métropole d'Aix-Marseille-Provence,M. Marc DEL GRAZIA,,1,,2,1,6,10,,,5,8,,1,,,3,4,,1,,3,5,5,,,,,,,,,,,,,,,,,2,1,,1,,,,,,4 447 €,3 725 €,91.09%,3.12%,69.83%,30.17%
13089,Cabriès,3 353,42 ans,48.4%,8.3%,210 h/km²,22 550 €/an,16,14,16,52,0,4.0,3,4.3,4.0,4.0,4.3,3.3,3 423,3 409,19%,14%,19%,22%,17%,9%,1%,3%,20%,14%,12%,24%,5%,39%,19%,73.64,73.89,2 656,,région Provence-Alpes-Côte d'Azur,département des Bouches-du-Rhône,,M. Daniel ROBERT,,,2,5,1,4,17,,3,3,5,1,2,,,,1,,,,1,4,1,,,,,,,,,,,,,,,,,3,1,,1,,1,,,,3 215 €,2 109 €,89.2%,3.44%,61.53%,38.47%
13090,Cadolive,126,49 ans,42.1%,6.3%,7 h/km²,34 270 €/an,17,0,0,12,0,0,5,,,,,,125,125,15%,6%,19%,19%,25%,15%,1%,12%,24%,12%,12%,8%,38%,32%,11%,87.61,90.27,113,,région Provence-Alpes-Côte d'Azur,département des Bouches-du-Rhône,la Métropole d'Aix-Marseille-Provence,M. Christian DELAVET,,,,,,1,,,,1,,,,,,,,,,,,,,,,,,,,,,,,,,,,,,,,,,,,,,,3 386 €,9 600 €,63.04%,23.91%,74.14%,25.86%
13092,Carry-le-Rouet,8 676,42 ans,48.8%,7.5%,334 h/km²,24 610 €/an,26,57,55,227,66,3.3,10,3.4,3.7,3.8,3.5,1.9,8 901,8 851,18%,14%,19%,22%,17%,8%,1%,9%,22%,12%,8%,15%,10%,32%,20%,76.98,74.61,6 515,,région Provence-Alpes-Côte d'Azur,département des Bouches-du-Rhône,la Métropole d'Aix-Marseille-Provence,M. Didier KHELFA,,1,6,4,5,10,12,,2,9,10,1,5,,,,2,,1,2,1,5,2,,,,,,,,,,,,,,,,1,3,3,,2,,1,,1,,4 424 €,2 614 €,90.61%,3.11%,61.43%,38.57%
13093,Cassis,357,41 ans,48.2%,7.6%,45 h/km²,28 260 €/an,8,0,0,0,0,0,5,,,,,,359,361,21%,12%,22%,27%,18%,6%,0%,10%,24%,15%,6%,16%,13%,43%,18%,81.97,84.84,244,,région Provence-Alpes-Côte d'Azur,département des Bouches-du-Rhône,la Métropole d'Aix-Marseille-Provence,Mme Martine CESARI,,,1,,,,,,,,,,,,,,,,,1,,,,,,,,,,,,,,,,,,,,1,,,,,,,,,3 704 €,4 545 €,88.48%,4.24%,69.18%,30.82%
13094,Ceyreste,2 489,46 ans,43.6%,5.7%,86 h/km²,25 960 €/an,29,0,15,35,0,4.0,1,4.0,4.0,4.0,4.0,4.0,2 525,2 518,16%,11%,17%,20%,21%,11%,3%,9%,26%,12%,5%,15%,11%,33%,16%,81.89,81.26,1 877,,région Provence-Alpes-Côte d'Azur,département des Bouches-du-Rhône,,M. Jean MANGION,,,1,1,1,4,1,,,,3,1,1,,,,1,,,,1,3,,,,,,,,,,,,,,,,,,1,1,,1,,,,,,4 400 €,4 914 €,81.81%,10.23%,71.85%,28.15%
13095,Charleval,1 273,48 ans,37.9%,6.1%,58 h/km²,37 290 €/an,22,0,7,11,26,3.8,1,5.0,2.0,4.0,5.0,3.0,1 287,1 281,15%,10%,11%,22%,25%,8%,4%,19%,27%,2%,2%,11%,36%,37%,12%,84.74,83.32,1 055,,région Provence-Alpes-Côte d'Azur,département des Bouches-du-Rhône,la Métropole d'Aix-Marseille-Provence,M. Régis MARTIN,,,,,,2,,,1,1,,,,,,,,,,,1,,,,,,,,,,,,,,,,,,,2,,,1,,,,,,4 758 €,321 €,82.89%,8.2%,79.78%,20.22%
13097,Cornillon-Confoux,14 145,44 ans,42.3%,7.5%,66 h/km²,23 270 €/an,214,192,45,494,165,3.6,17,2.8,3.9,4.1,3.5,3.6,14 108,14 036,16%,13%,17%,19%,18%,10%,1%,5%,24%,12%,10%,24%,7%,33%,20%,76.38,76.35,10 503,,région Provence-Alpes-Côte d'Azur,département des Bouches-du-Rhône,,Mme Marie-Rose LEXCELLENT,1,4,7,10,2,22,21,2,7,10,27,2,1,,,2,4,,2,,1,11,5,,1,,,,,,2,,1,,,,2,,2,7,3,,4,1,1,,,1,3 491 €,2 651 €,91.01%,2.72%,60.96%,39.04%
13098,Cuges-les-Pins,6 175,47 ans,42.6%,8.9%,294 h/km²,26 910 €/an,21,64,18,149,56,3.1,9,3.8,3.1,3.0,3.2,2.3,6 037,6 018,13%,12%,15%,21%,21%,11%,1%,8%,27%,12%,7%,17%,10%,31%,15%,78.62,78.09,4 808,,région Provence-Alpes-Côte d'Azur,département des Bouches-du-Rhône,la Métropole d'Aix-Marseille-Provence,M. Vincent GOYET,,2,7,5,5,16,18,3,1,4,16,1,5,,,2,2,,1,1,2,5,2,,,,,,,,,,,,,,,,1,1,2,,2,,,1,,,4 016 €,2 928 €,89.76%,2.08%,76.03%,23.97%
13101,Saint-Rémy-de-Provence,3 397,40 ans,51.1%,6.8%,679 h/km²,27 300 €/an,5,10,9,42,0,3.8,2,4.0,3.0,4.0,4.0,4.0,3 546,3 526,21%,14%,23%,22%,17%,6%,1%,12%,19%,13%,5%,12%,13%,42%,12%,79.66,78.07,2 665,,région Provence-Alpes-Côte d'Azur,département des Bouches-du-Rhône,la Métropole d'Aix-Marseille-Provence,M. Rémi MARCENGO,,1,,,1,2,5,,1,,4,,1,,,,1,,,,,3,1,,,,,,,,,,,,,,,,,1,1,,1,,,,,,3 513 €,3 451 €,91.75%,1.42%,74.26%,25.74%
13103,Salon-de-Provence,44 194,41 ans,47.8%,9.8%,631 h/km²,22 400 €/an,70,645,162,1 468,497,3.2,92,3.3,3.2,3.3,3.1,3.3,44 590,44 636,18%,18%,20%,20%,15%,9%,1%,8%,21%,14%,10%,21%,11%,31%,26%,71.05,70.79,32 330,,région Provence-Alpes-Côte d'Azur,département des Bouches-du-Rhône,la Métropole d'Aix-Marseille-Provence,M. Nicolas ISNARD,3,9,30,24,16,103,84,8,22,195,91,8,35,1,4,13,16,1,6,11,6,33,27,11,2,4,2,4,,1,5,2,3,3,1,2,11,1,9,14,14,,12,3,3,2,2,3,3 816 €,2 803 €,88.3%,1.02%,48.45%,51.55%
13104,Sénas,7 574,51 ans,39.4%,7%,631 h/km²,28 750 €/an,12,34,12,255,107,4.3,11,4.2,4.4,4.5,4.2,4.3,7 531,7 540,11%,11%,13%,22%,24%,17%,2%,12%,39%,10%,4%,14%,16%,23%,25%,79.17,80.7,6 836,,région Provence-Alpes-Côte d'Azur,département des Bouches-du-Rhône,la Métropole d'Aix-Marseille-Provence,M. Maxime MARCHAND,,2,4,7,3,38,1,,1,5,13,3,1,,,4,2,,1,,2,8,3,,,1,,1,,,,,,,,2,,,1,2,1,,1,,1,,,,6 029 €,6 820 €,70.43%,25.46%,70.09%,29.91%
13106,Tarascon,11 995,42 ans,43.7%,9.9%,706 h/km²,22 740 €/an,17,82,51,392,275,3.9,8,4.0,3.6,4.0,4.0,4.0,12 434,12 279,18%,14%,19%,18%,14%,9%,2%,5%,21%,13%,8%,25%,7%,37%,18%,74.4,70.09,8 226,,région Provence-Alpes-Côte d'Azur,département des Bouches-du-Rhône,la Métropole d'Aix-Marseille-Provence,M. André MOLINO,,2,6,6,4,8,27,,2,36,22,2,5,,,,4,,2,2,1,5,6,,,,,,,,,,,,,,,,3,1,3,,5,,1,,,1,3 599 €,2 733 €,94.57%,0.08%,66.91%,33.09%
13112,Istres,8 941,43 ans,45.3%,5.1%,358 h/km²,28 760 €/an,25,21,54,214,16,4.1,8,4.3,4.4,3.9,4.1,3.6,8 704,8 711,17%,12%,18%,20%,19%,8%,1%,11%,23%,9%,5%,16%,14%,38%,15%,79.33,79.32,7 302,13880,région Provence-Alpes-Côte d'Azur,département des Bouches-du-Rhône,la Métropole d'Aix-Marseille-Provence,M. Yannick GUERIN,,2,2,5,2,12,19,2,2,7,17,1,1,,,3,4,,1,1,1,9,6,,,,,,,,1,1,,,,,,,2,6,2,,2,,1,,,,3 794 €,4 537 €,92.71%,1.97%,73.54%,26.46%
13117,Marignane,36 758,39 ans,43.6%,9.9%,1 021 h/km²,22 090 €/an,36,396,83,1 623,331,3.0,31,2.5,3.1,3.6,2.5,3.2,36 898,36 582,20%,15%,19%,18%,15%,6%,1%,6%,17%,14%,9%,23%,8%,40%,18%,73.41,71.78,24 789,13127,région Provence-Alpes-Côte d'Azur,département des Bouches-du-Rhône,la Métropole d'Aix-Marseille-Provence,M. Loïc GACHON,3,8,21,31,10,73,101,6,8,164,69,3,5,,3,8,13,,5,1,2,33,16,5,1,6,,5,,,1,,3,1,1,4,5,,1,10,14,,14,,4,1,2,1,4 671 €,2 621 €,91.63%,1.25%,57.27%,42.73%
14118,Caen,109 400,39 ans,44.2%,10.2%,4 376 h/km²,21 600 €/an,25,1 894,266,4 244,1 093,3.7,139,3.6,3.8,3.7,3.6,3.8,109 632,109 262,12%,32%,16%,14%,13%,8%,2%,10%,19%,13%,7%,19%,18%,17%,44%,76.15,74.34,58 443,14000,région Normandie,département du Calvados,,M. Joël BRUNEAU,4,34,79,86,37,314,68,8,88,1101,198,9,166,6,4,19,37,4,9,17,18,85,55,48,12,2,10,13,,9,14,9,31,10,2,16,21,5,11,56,3,1,27,8,9,5,8,13,3 535 €,2 876 €,87.66%,3.58%,29.61%,70.39%
16015,Angoulême,41 908,41 ans,46.2%,14.3%,1 996 h/km²,19 830 €/an,21,1 264,236,2 571,495,3.2,52,2.9,3.3,3.2,3.4,3.1,41 213,41 276,15%,23%,18%,18%,15%,9%,2%,8%,21%,14%,9%,20%,12%,19%,42%,71.38,66.82,25 270,16000,région Nouvelle-Aquitaine,département de la Charente,,M. Xavier BONNEFONT,1,11,34,28,11,121,35,6,35,263,93,10,45,7,2,5,15,2,7,10,8,19,16,9,1,4,1,1,,,4,1,3,,2,7,10,,5,19,13,,15,3,6,2,7,3,1 773 €,1 659 €,86.86%,2.43%,35.84%,64.16%
17300,La Rochelle,79 851,43 ans,42.1%,11.4%,2 852 h/km²,22 200 €/an,28,1 405,312,3 650,917,3.2,152,3.3,3.4,3.4,3.2,2.9,81 397,80 821,12%,23%,15%,17%,17%,10%,1%,8%,25%,13%,7%,17%,14%,18%,40%,73.02,69.34,55 101,,région Nouvelle-Aquitaine,département de la Charente-Maritime,,M. Jean-François FOUNTAINE,1,12,56,67,24,278,56,5,53,421,138,14,124,9,5,7,29,11,8,17,10,100,52,19,10,11,4,16,,6,13,2,16,9,5,11,19,4,14,27,15,,22,3,6,1,8,3,4 671 €,4 895 €,80.48%,12.84%,36.98%,63.02%
18033,Bourges,64 186,43 ans,43.4%,10.7%,944 h/km²,21 730 €/an,68,941,271,2 002,768,3.3,69,3.4,3.2,3.1,3.5,3.0,62 846,63 112,15%,20%,16%,19%,18%,10%,2%,7%,26%,13%,9%,20%,11%,22%,34%,65.25,64.21,43 724,18000,région Centre-Val de Loire,département du Cher,,M. Yann GALUT,2,14,42,38,20,115,55,9,49,357,106,12,57,4,2,9,23,2,4,13,13,29,39,3,2,,,2,,1,3,2,2,,2,6,11,,6,16,15,1,22,5,6,2,8,3,1 672 €,1 467 €,84.24%,2.65%,47.32%,52.68%
21231,Dijon,161 830,39 ans,46.9%,9.4%,4 046 h/km²,22 720 €/an,40,2 452,394,6 044,2 018,3.6,171,3.3,3.9,3.7,3.4,3.7,163 780,162 954,13%,29%,18%,16%,14%,7%,1%,10%,19%,13%,8%,18%,16%,20%,41%,76.59,71.09,85 774,21000,région Bourgogne-Franche-Comté,département de la Côte-d'or,Dijon Métropole,M. François REBSAMEN,2,31,102,88,31,364,100,13,111,1167,254,33,133,8,8,23,58,4,15,20,17,120,80,54,19,21,12,22,,15,26,12,27,12,6,21,53,8,13,72,37,,38,13,12,7,8,7,3 314 €,2 617 €,89.2%,3.41%,39.58%,60.42%
22278,Saint-Brieuc,44 364,42 ans,43.2%,11%,2 113 h/km²,20 910 €/an,21,965,93,1 762,389,2.9,100,2.2,3.3,3.3,2.9,2.6,43 749,43 846,16%,20%,17%,18%,16%,10%,2%,7%,24%,12%,10%,19%,10%,22%,37%,70.92,69.71,29 232,,région Bretagne,département des Côtes-d'armor,,M. Hervé GUIHARD,1,7,31,24,13,95,46,5,29,254,63,6,73,3,2,2,17,2,5,13,11,30,28,4,2,1,,3,,3,5,2,11,7,4,4,1,3,2,12,6,,15,8,4,4,7,5,1 939 €,1 649 €,84.03%,4.9%,48.59%,51.41%
25056,Besançon,118 489,39 ans,45.4%,10.2%,1 823 h/km²,20 680 €/an,65,2 342,229,3 566,1 647,3.4,137,2.6,3.7,3.6,3.6,3.4,120 447,120 073,15%,29%,17%,16%,14%,7%,1%,9%,19%,13%,9%,20%,14%,21%,40%,73.38,67.68,66 581,25000,région Bourgogne-Franche-Comté,département du Doubs,,Mme Anne VIGNOT,2,17,95,81,37,279,87,11,78,639,182,19,89,11,3,7,44,4,10,24,14,113,60,42,9,20,8,22,,3,10,8,25,11,5,24,29,7,13,55,32,,31,7,8,5,8,11,2 399 €,2 159 €,87.49%,2.47%,35.07%,64.93%
26362,Valence,64 458,41 ans,44.8%,11.6%,1 791 h/km²,20 610 €/an,36,1 401,280,2 967,771,3.2,58,2.6,3.2,3.3,3.6,3.4,65 870,65 593,17%,22%,18%,17%,15%,9%,2%,8%,21%,13%,10%,21%,12%,25%,35%,72.29,67.89,40 439,26000,région Auvergne-Rhône-Alpes,département de la Drôme,,M. Nicolas DARAGON,4,13,79,35,13,180,107,9,44,521,133,15,97,3,3,7,31,2,5,8,10,59,47,9,4,2,9,2,1,2,10,1,10,1,4,5,23,2,8,40,17,,21,8,5,3,6,7,2 605 €,2 162 €,84.46%,3.49%,43.49%,56.51%
29019,Brest,142 346,39 ans,45.8%,9.8%,2 905 h/km²,21 420 €/an,49,2 282,310,5 357,778,3.4,241,2.5,3.7,3.8,3.5,3.6,141 778,141 540,14%,28%,18%,16%,13%,7%,1%,9%,19%,14%,9%,15%,14%,21%,40%,71.67,69.69,86 237,29200,région Bretagne,département du Finistère,Brest métropole,M. François CUILLANDRE,4,32,59,46,27,203,98,11,73,707,199,7,159,9,7,21,41,14,12,18,18,135,77,37,9,19,9,20,5,3,20,10,21,7,5,19,25,10,17,63,4,2,33,20,9,8,10,9,2 499 €,2 121 €,89.64%,3.62%,42.74%,57.26%
29232,Quimper,64 385,43 ans,46.2%,9.7%,766 h/km²,22 700 €/an,84,1 047,177,1 803,483,3.5,114,3.5,3.6,3.4,3.7,3.4,64 397,64 289,14%,20%,17%,20%,18%,9%,1%,7%,24%,13%,10%,16%,11%,23%,37%,77.14,75.7,43 724,29000,région Bretagne,département du Finistère,,Mme Isabelle ASSIH,4,11,38,34,14,149,69,9,51,211,103,2,77,5,2,14,25,1,7,18,9,45,50,26,3,9,4,7,,7,12,1,4,8,3,11,16,3,7,40,3,,17,10,4,5,5,7,2 146 €,2 021 €,87.94%,2.87%,55.07%,44.93%
2A004,Ajaccio,76 320,43 ans,43.2%,6.3%,931 h/km²,23 320 €/an,82,662,32,1 527,487,3.5,22,4.2,3.2,3.5,3.5,3.2,78 437,77 540,16%,13%,19%,18%,16%,10%,1%,5%,21%,16%,8%,20%,7%,35%,17%,61.65,59.51,36 641,20000,région Corse,département de la Corse-du-sud,,M. Laurent MARCANGELI,3,7,44,60,32,310,123,17,35,102,151,22,85,3,5,18,31,3,3,17,5,47,37,15,4,5,1,6,,1,3,4,8,1,,11,10,3,6,27,11,,14,4,4,2,4,2,4 752 €,3 951 €,87.52%,9.21%,45.9%,54.1%
30028,Bagnols-sur-Cèze,18 112,44 ans,39%,12.8%,584 h/km²,19 140 €/an,31,220,63,562,429,2.4,84,1.9,2.7,2.8,2.3,2.4,18 093,18 101,18%,15%,16%,19%,18%,11%,2%,5%,25%,12%,12%,29%,7%,27%,30%,68.5,66.55,12 997,,région Occitanie,département du Gard,,M. Jean-Yves CHAPELET,1,6,23,12,10,37,34,3,11,39,39,4,13,1,2,3,6,1,4,11,4,11,9,5,2,,2,1,,,1,,3,2,,1,8,1,3,1,4,,4,1,3,1,1,1,2 363 €,1 302 €,83.08%,2.1%,45.71%,54.29%
30107,Alès,605,37 ans,49.9%,5.7%,55 h/km²,25 750 €/an,11,0,0,8,0,4.5,2,5.0,5.0,4.0,5.0,3.5,655,645,24%,15%,23%,19%,12%,5%,1%,12%,12%,10%,10%,17%,14%,40%,14%,87.32,83.49,418,30390,région Occitanie,département du Gard,,Mme Martine LAGUÉRIE,,,,,,,1,,,1,,,,,,,,,,,,,,,,,,,,,,,,,,,,,,1,,,1,,,,,,2 922 €,2 627 €,85.61%,7.55%,67.23%,32.77%
30189,Nîmes,151 839,41 ans,39.3%,12.8%,943 h/km²,18 760 €/an,161,2 642,617,5 957,1 403,2.9,147,2.1,3.1,3.0,2.9,3.1,149 052,149 171,17%,20%,17%,17%,16%,9%,2%,6%,21%,13%,7%,24%,10%,26%,32%,69.46,65.49,90 232,30000,région Occitanie,département du Gard,,M. Jean-Paul FOURNIER,6,30,224,85,62,459,212,19,73,674,330,30,105,8,9,26,58,5,10,37,20,103,96,60,10,21,14,23,3,5,15,7,31,9,8,19,35,10,22,42,40,,43,13,10,9,9,7,2 539 €,2 032 €,85.6%,5.07%,39.12%,60.88%
31157,Colomiers,20 662,38 ans,48.4%,9.8%,1 589 h/km²,23 980 €/an,13,312,76,592,70,2.8,27,2.3,3.2,3.1,2.9,2.7,22 189,21 755,20%,18%,20%,18%,14%,7%,1%,11%,17%,12%,8%,16%,17%,36%,22%,78.79,74.37,12 475,31270,région Occitanie,département de la Haute-Garonne,Toulouse Métropole,M. Albert SANCHEZ,1,5,7,11,8,33,51,2,10,98,31,,2,,,6,5,1,2,2,1,22,8,,2,,,,,,1,,1,1,1,,2,,4,11,4,,5,,1,,1,,2 924 €,2 460 €,93.67%,1.29%,52.4%,47.6%
31555,Toulouse,514 819,36 ans,50.7%,10.3%,4 363 h/km²,22 140 €/an,118,8 866,2 497,27 650,6 767,3.1,568,2.8,3.5,3.2,2.8,3.3,532 033,526 456,14%,31%,21%,14%,10%,5%,1%,15%,13%,12%,7%,13%,26%,21%,38%,77.37,70.51,258 771,31000,région Occitanie,département de la Haute-Garonne,Toulouse Métropole,M. Jean-Luc MOUDENC,7,115,439,172,179,1303,393,35,236,6017,715,56,325,33,16,77,162,14,50,45,46,423,375,111,43,56,19,51,3,22,51,30,53,47,16,130,56,18,58,307,90,1,102,34,25,20,21,24,4 360 €,3 535 €,88.1%,3.82%,32.09%,67.91%
33063,Bordeaux,267 991,38 ans,50.7%,9.1%,5 469 h/km²,24 870 €/an,49,5 615,1 493,22 436,3 233,3.4,446,3.0,3.6,3.6,3.1,3.5,274 427,272 180,13%,29%,21%,16%,11%,6%,1%,15%,14%,12%,6%,13%,27%,22%,39%,76.51,71.14,161 852,33000,région Nouvelle-Aquitaine,département de la Gironde,Bordeaux Métropole,M. Pierre HURMIC,5,78,239,119,74,1167,185,12,192,5429,524,45,331,20,15,40,108,3,27,19,38,289,200,121,26,40,12,42,7,12,46,23,43,17,12,152,87,7,30,236,42,1,57,26,15,15,15,26,5 511 €,4 557 €,87.3%,5.16%,32.13%,67.87%
33167,Talence,18 300,39 ans,46.6%,10.4%,2 288 h/km²,20 850 €/an,8,191,75,539,76,2.8,6,2.5,3.3,2.5,2.7,2.8,18 806,18 651,20%,17%,22%,19%,14%,6%,1%,6%,17%,15%,12%,23%,8%,37%,21%,70.49,65.42,11 749,33270,région Nouvelle-Aquitaine,département de la Gironde,Bordeaux Métropole,M. Jean-Jacques PUYOBRAU,,2,5,4,2,5,26,,3,119,21,2,4,1,,3,11,,3,,2,20,14,20,,6,5,2,,1,5,7,3,,,6,40,2,,9,6,,7,2,2,1,,,3 486 €,3 145 €,92.17%,0.33%,46.47%,53.53%
33281,Mérignac,78 090,40 ans,50.8%,8.7%,1 627 h/km²,24 770 €/an,48,829,411,2 701,224,3.2,39,3.1,3.5,3.4,2.9,3.4,80 433,79 413,15%,20%,20%,18%,14%,7%,1%,12%,18%,14%,7%,14%,16%,27%,30%,79.36,75.53,47 491,33700,région Nouvelle-Aquitaine,département de la Gironde,Bordeaux Métropole,M. Alain ANZIANI,2,16,24,29,12,130,104,9,48,379,106,9,15,3,1,15,26,,8,10,9,83,54,29,6,8,,3,,3,7,3,9,9,,12,24,5,12,53,13,,15,1,4,,2,,4 155 €,3 585 €,91.92%,4.47%,47.8%,52.2%
33318,Pessac,67 339,39 ans,46.2%,8.4%,1 772 h/km²,25 940 €/an,38,511,445,2 390,142,3.6,43,3.2,3.9,3.7,3.6,3.8,70 078,69 333,16%,26%,17%,18%,13%,7%,1%,12%,18%,11%,6%,14%,19%,29%,29%,76.27,71.68,43 198,33600,région Nouvelle-Aquitaine,département de la Gironde,Bordeaux Métropole,M. Franck RAYNAL,3,5,16,33,10,65,53,5,27,317,75,6,12,1,1,13,19,2,6,8,7,60,23,44,2,20,7,7,,4,7,1,13,4,1,14,74,2,7,29,15,,14,2,4,1,2,,3 902 €,3 561 €,94.58%,1.66%,47.14%,52.86%
34032,Béziers,81 545,42 ans,36%,13.7%,858 h/km²,16 830 €/an,95,1 642,335,3 271,868,3.2,119,2.9,3.0,3.4,3.3,3.5,83 301,82 630,18%,17%,16%,18%,17%,10%,2%,3%,23%,12%,9%,28%,7%,26%,30%,71,68.59,46 469,34500,région Occitanie,département de l'Hérault,,M. Robert MÉNARD,4,11,75,45,58,203,179,12,31,400,201,25,70,1,2,28,36,8,9,17,10,52,49,9,2,6,8,10,3,3,5,3,16,7,4,9,18,6,11,29,16,,21,8,6,4,3,6,2 115 €,1 438 €,79.22%,4.59%,41.95%,58.05%
34145,Lunel,26 623,42 ans,41.9%,13.3%,1 158 h/km²,19 600 €/an,23,394,71,794,828,3.5,50,3.0,3.4,3.8,3.4,3.9,27 210,27 056,19%,16%,18%,20%,17%,9%,1%,4%,21%,13%,12%,30%,7%,34%,22%,71.96,68.11,18 123,34400,région Occitanie,département de l'Hérault,,M. Pierre SOUJOL,3,4,40,19,21,47,77,6,15,86,66,4,14,2,1,8,11,2,3,11,3,29,10,9,2,4,3,2,1,1,2,4,12,,3,3,18,3,5,9,6,,7,1,2,1,2,,2 970 €,2 238 €,92.17%,1.37%,52.38%,47.62%
34172,Montpellier,310 240,37 ans,45%,12.5%,5 540 h/km²,19 670 €/an,56,5 070,1 586,18 012,3 021,3.1,422,2.2,3.5,3.6,3.1,3.3,322 970,318 896,15%,30%,19%,14%,11%,6%,1%,10%,14%,12%,6%,17%,21%,22%,38%,72.45,65.5,162 676,34000,région Occitanie,département de l'Hérault,Montpellier Méditerranée Métropole,M. Michaël DELAFOSSE,5,41,355,148,129,859,255,19,128,3025,531,41,266,9,14,72,101,17,32,48,26,228,160,82,13,37,21,48,,20,24,9,43,28,10,79,29,25,35,134,44,,71,21,17,11,12,12,4 101 €,3 347 €,88.34%,4.26%,30.97%,69.03%
34245,Sète,1 811,51 ans,33.6%,8.7%,79 h/km²,19 720 €/an,23,6,0,16,0,2.9,5,2.8,3.8,2.4,3.4,2.0,1 753,1 751,12%,10%,11%,19%,23%,15%,3%,2%,37%,13%,9%,25%,6%,24%,26%,75.46,74.23,1 467,,région Occitanie,département de l'Hérault,,Mme Catherine COMBES,,1,2,2,2,6,2,1,3,,5,1,2,,,1,1,,,,2,2,1,,,,,,,,,,,,,,,,1,,1,,1,,1,,,,1 422 €,1 292 €,59.49%,16.32%,67.74%,32.26%
35238,Rennes,230 890,37 ans,46.6%,9.7%,4 618 h/km²,22 770 €/an,50,3 538,529,10 356,3 719,3.4,292,2.8,3.8,3.8,3.2,3.6,234 641,232 774,14%,32%,18%,14%,11%,6%,1%,13%,16%,11%,7%,14%,23%,20%,38%,75.74,72.02,123 698,35000,région Bretagne,département de l'Ile-et-Vilaine,Rennes Métropole,Mme Nathalie APPÉRÉ,6,37,126,88,37,507,87,17,132,1627,273,17,229,27,8,28,58,6,18,31,23,159,103,26,15,6,4,23,,7,17,6,9,17,8,48,13,8,28,117,35,,44,20,12,8,13,12,5 268 €,3 887 €,89.23%,4.2%,34.92%,65.08%
36044,Châteauroux,42 963,43 ans,42.4%,11.7%,1 719 h/km²,20 300 €/an,25,651,168,1 533,309,3.1,35,3.0,2.9,3.4,3.2,2.8,42 342,42 495,17%,18%,17%,19%,19%,10%,2%,6%,27%,14%,11%,24%,7%,22%,33%,68.22,67.68,29 547,36000,région Centre-Val de Loire,département de l'Indre,,M. Gil AVÉROUS,1,7,29,19,4,66,49,7,47,194,70,6,42,2,1,7,14,4,3,13,8,25,18,6,,,,2,,2,3,2,2,,2,3,6,2,7,12,14,,15,2,6,2,5,3,1 433 €,1 197 €,83.17%,2.49%,46.66%,53.34%
37261,Tours,139 259,39 ans,46.9%,11.4%,4 096 h/km²,21 250 €/an,34,2 586,491,6 836,949,3.5,164,3.4,3.7,3.5,3.4,3.7,139 780,139 432,14%,29%,18%,15%,13%,8%,2%,10%,19%,14%,8%,18%,16%,19%,42%,70.9,68.37,82 336,37000,région Centre-Val de Loire,département de l'Indre-et-Loire,Tours Métropole Val de Loire,M. Emmanuel DENIS,2,30,82,49,29,333,71,14,123,1287,219,20,159,3,11,16,49,7,8,26,21,98,68,4,8,,,5,,6,24,9,12,12,6,37,34,7,18,84,24,,34,10,12,8,11,8,3 643 €,2 938 €,86.27%,3.59%,32.7%,67.3%
38185,Grenoble,156 140,37 ans,48.8%,9.6%,8 674 h/km²,22 140 €/an,18,3 407,938,13 035,1 981,2.6,234,1.6,3.1,3.2,2.4,2.7,154 798,155 254,16%,31%,20%,15%,12%,7%,1%,15%,16%,12%,6%,18%,25%,22%,37%,73.93,67.89,86 589,38000,région Auvergne-Rhône-Alpes,département de l'Isère,Grenoble Alpes Métropole,M. Eric PIOLLE,,28,199,100,58,720,123,6,105,1331,303,30,267,8,12,21,60,,13,18,13,103,87,24,11,12,10,4,,3,25,2,21,6,4,62,33,12,18,93,18,1,37,10,9,6,10,7,3 420 €,2 645 €,83.07%,4.79%,36.79%,63.21%
40088,Dax,22 109,47 ans,40.7%,12.8%,1 164 h/km²,20 570 €/an,19,609,78,1 549,216,3.5,43,3.5,3.5,3.5,3.4,3.3,22 206,22 053,11%,17%,15%,18%,19%,12%,2%,4%,30%,14%,10%,25%,7%,17%,41%,75.04,72.61,14 313,40100,région Nouvelle-Aquitaine,département des Landes,,M. Julien DUBOIS,2,5,16,19,8,78,21,5,21,120,71,7,41,3,2,7,12,3,4,3,6,35,23,13,,5,3,6,,1,5,4,3,,3,4,17,1,2,7,5,,5,1,2,1,1,1,2 352 €,2 352 €,72.06%,18.82%,38.46%,61.54%
41018,Blois,47 219,40 ans,41.7%,12%,1 276 h/km²,19 360 €/an,37,1 123,152,2 037,280,3.0,56,2.6,3.3,3.3,3.3,2.5,47 469,47 318,19%,20%,17%,17%,15%,9%,2%,7%,21%,12%,11%,26%,11%,26%,35%,67,65.61,28 341,41000,région Centre-Val de Loire,département du Loir-et-Cher,,M. Marc GRICOURT,2,11,33,23,14,94,45,6,40,351,63,8,63,2,5,9,13,1,5,13,6,43,21,4,1,1,,2,,3,3,,6,2,2,7,8,1,5,20,15,,19,6,5,4,6,3,1 775 €,1 716 €,84.21%,3.45%,38.2%,61.8%
42218,Saint-Étienne,173 136,40 ans,42.2%,13.3%,2 164 h/km²,19 010 €/an,80,3 034,741,9 339,2 338,3.2,151,2.5,3.2,3.4,3.4,3.4,174 445,174 196,18%,23%,17%,16%,15%,9%,2%,6%,22%,12%,10%,26%,10%,26%,34%,71.69,65.54,88 099,,région Auvergne-Rhône-Alpes,département de la Loire,Saint Etienne Métropole,M. Gaël PERDRIAU,3,42,164,121,55,389,243,12,98,1005,252,26,267,6,11,14,51,3,9,32,27,137,48,30,5,8,7,14,,9,8,11,16,7,9,20,45,4,19,65,23,,46,21,10,9,7,14,2 013 €,1 250 €,85.35%,2.39%,39.64%,60.36%
44109,Nantes,327 734,37 ans,50.2%,10.1%,5 042 h/km²,24 170 €/an,65,4 847,1 364,15 990,2 905,3.1,536,2.1,3.5,3.5,3.2,3.3,339 284,336 008,16%,28%,21%,15%,11%,6%,1%,15%,15%,11%,7%,13%,24%,23%,38%,75.5,71.16,196 999,44000,région Pays de la Loire,département de la Loire-Atlantique,Nantes Métropole,Mme Johanna ROLLAND,6,41,203,150,50,654,120,17,221,2390,388,26,353,8,9,46,81,18,25,34,41,228,136,56,15,44,9,23,5,11,48,20,43,19,5,52,21,13,45,181,46,,70,34,14,18,16,16,4 808 €,3 736 €,89.54%,4.58%,37%,63%
44184,Saint-Nazaire,74 568,43 ans,42%,10.7%,1 621 h/km²,21 900 €/an,46,1 154,338,3 372,829,3.0,85,2.3,3.1,3.2,3.0,3.3,75 266,74 731,16%,17%,16%,19%,18%,9%,2%,6%,25%,12%,11%,18%,9%,24%,31%,71.31,69.32,51 330,,région Pays de la Loire,département de la Loire-Atlantique,,M. David SAMZUN,2,8,39,35,15,137,48,7,28,367,101,11,64,1,3,16,24,10,6,17,13,64,18,17,2,6,2,7,,2,7,6,9,3,4,4,3,1,7,31,6,,20,8,4,3,4,6,3 011 €,2 879 €,85.2%,6.62%,48.43%,51.57%
45234,Orléans,116 357,38 ans,48.4%,11.2%,4 310 h/km²,21 370 €/an,27,2 238,253,3 849,1 346,2.8,123,2.5,3.1,2.8,2.8,2.9,117 564,117 355,18%,26%,19%,17%,13%,6%,1%,10%,17%,13%,10%,20%,17%,25%,35%,71.21,68.56,64 341,45000,région Centre-Val de Loire,département du Loiret,Orléans Métropole,M. Serge GROUARD,4,24,75,45,21,204,83,7,82,905,165,13,101,14,5,15,25,4,7,19,13,59,55,10,8,1,4,10,,2,9,5,8,8,2,12,9,5,13,62,28,1,31,11,7,6,6,7,2 719 €,2 593 €,86.94%,3.12%,35.69%,64.31%
47001,Agen,32 801,41 ans,46.4%,11.7%,2 982 h/km²,19 160 €/an,11,783,102,1 506,360,3.4,61,3.0,3.6,3.5,3.4,3.3,31 493,31 701,16%,23%,18%,17%,14%,9%,2%,7%,21%,15%,11%,22%,10%,19%,43%,72.63,68.4,18 025,47000,région Nouvelle-Aquitaine,département du Lot-et-Garonne,,M. Jean DIONIS DU SÉJOUR,2,7,33,22,7,108,27,3,29,293,81,4,46,3,3,9,15,1,3,6,8,28,22,19,3,8,3,1,1,,9,,8,3,2,6,10,3,5,21,9,,10,4,4,2,3,2,1 787 €,1 598 €,79.2%,5.34%,32.06%,67.94%
49007,Angers,159 022,38 ans,45.7%,11.5%,3 786 h/km²,21 450 €/an,42,1 978,214,6 060,807,3.6,207,3.3,3.8,3.8,3.6,3.6,161 664,160 732,15%,30%,16%,15%,13%,7%,2%,9%,19%,13%,8%,19%,15%,21%,40%,72.01,69.77,92 523,49000,région Pays de la Loire,département de la Maine-et-Loire,,M. Christophe BECHU,5,23,81,86,28,292,79,11,110,1111,201,17,174,7,3,19,43,2,16,28,28,162,75,40,17,20,13,28,,9,18,11,10,16,3,39,19,10,20,96,18,,35,22,11,11,10,6,3 489 €,3 220 €,90.84%,2.93%,32.42%,67.58%
50129,Cherbourg-en-Cotentin,78 258,43 ans,47%,8.7%,1 151 h/km²,22 650 €/an,68,879,112,1 850,343,3.4,68,3.7,3.4,3.4,3.5,3.2,76 379,76 734,15%,19%,17%,21%,18%,9%,1%,7%,24%,14%,10%,19%,9%,26%,31%,70.13,69.62,56 221,,région Normandie,département de la Manche,,M. Benoît ARRIVÉ,5,13,28,52,21,92,63,11,40,323,95,11,88,2,4,5,25,1,5,16,16,33,30,11,2,3,1,4,,1,7,3,5,1,3,3,4,2,5,21,9,,29,11,8,2,6,3,2 147 €,1 972 €,89.5%,3.74%,43.63%,56.37%
51454,Reims,177 674,38 ans,46.4%,11.8%,3 862 h/km²,20 210 €/an,46,3 540,386,7 316,1 375,3.3,194,3.1,3.4,3.3,3.1,3.5,176 031,176 719,17%,28%,18%,17%,14%,6%,1%,8%,17%,14%,10%,24%,13%,24%,37%,67.17,66.08,100 055,51100,région Grand Est,département de la Marne,,M. Arnaud ROBINET,5,41,115,96,42,335,202,17,83,2245,272,15,150,3,6,63,68,5,11,28,24,158,86,25,4,31,2,17,2,7,11,5,12,6,3,21,37,9,16,84,46,,49,11,11,7,12,7,2 976 €,2 619 €,87.28%,3.21%,27.19%,72.81%
54395,Nancy,103 671,37 ans,47.7%,10.1%,6 911 h/km²,22 360 €/an,15,2 143,276,5 082,884,3.4,130,3.2,3.8,3.5,3.2,3.4,103 938,104 014,13%,37%,18%,15%,12%,6%,1%,13%,15%,12%,6%,15%,22%,17%,44%,73.75,71.32,53 441,54100,région Grand Est,département de la Meurthe-et-Moselle,la Métropole du Grand Nancy,M. Mathieu KLEIN,4,29,79,51,20,377,76,7,61,674,218,16,128,16,7,10,42,7,7,11,14,76,84,35,11,18,13,14,2,5,15,5,15,7,5,32,41,3,12,47,21,,21,10,7,6,7,11,2 741 €,2 300 €,83.83%,4.7%,27.5%,72.5%
56121,Lorient,58 329,42 ans,43.9%,11.2%,3 431 h/km²,20 860 €/an,17,1 200,134,2 337,874,3.3,78,3.2,3.3,3.3,3.3,3.2,58 225,58 139,14%,21%,17%,18%,16%,10%,1%,6%,24%,13%,10%,19%,10%,20%,42%,70.95,69.53,39 010,56100,région Bretagne,département du Morbihan,,M. Fabrice LOHER,2,19,43,43,13,168,44,7,40,241,108,4,102,8,3,9,24,1,4,4,7,37,43,1,2,,2,5,,2,10,8,5,5,3,4,18,,8,22,8,,13,7,3,2,3,2,2 969 €,2 364 €,88.62%,3.38%,41.71%,58.29%
56260,Vannes,55 790,45 ans,41.3%,9.3%,1 743 h/km²,24 070 €/an,32,928,149,1 782,398,3.8,101,3.6,3.8,3.8,4.0,3.6,55 976,55 701,13%,21%,15%,17%,19%,11%,2%,8%,28%,13%,7%,15%,14%,18%,39%,76.29,74.14,39 069,56000,région Bretagne,département du Morbihan,,M. David ROBO,2,11,46,41,12,168,40,6,44,192,107,4,65,9,4,13,17,1,5,12,12,59,42,23,8,16,8,9,3,5,12,6,14,8,3,10,27,2,12,33,2,,13,14,2,6,3,8,4 093 €,3 871 €,84.24%,7.37%,45.26%,54.74%
57463,Metz,122 572,39 ans,46.7%,10.5%,2 990 h/km²,20 940 €/an,41,2 140,403,4 924,1 022,3.6,150,3.2,3.7,3.7,3.6,3.7,123 629,123 010,15%,25%,19%,17%,15%,7%,1%,9%,18%,14%,9%,21%,15%,24%,36%,66.04,64.15,70 385,57000,région Grand Est,département de la Moselle,Metz Métropole,M. François GROSDIDIER,5,36,114,72,26,374,154,15,72,812,242,28,191,8,7,13,41,3,12,24,27,89,106,32,7,3,1,6,,3,14,4,15,10,9,19,32,7,14,72,25,,34,4,11,3,9,6,0 €,0 €,85.99%,2.45%,33.18%,66.82%
59183,Dunkerque,86 263,42 ans,43.8%,13.9%,2 006 h/km²,20 240 €/an,43,1 660,220,2 634,582,3.3,70,3.2,3.4,3.6,2.7,3.5,85 110,85 406,17%,18%,17%,20%,19%,8%,1%,5%,24%,14%,12%,26%,7%,28%,29%,69.63,70.47,61 444,59140,région Hauts-de-France,département du Nord,,M. Patrice VERGRIETE,,20,36,41,38,165,61,6,39,441,167,5,103,1,2,9,38,2,7,19,13,58,48,8,3,4,3,3,,2,3,3,6,3,,6,17,,5,27,22,,26,7,8,3,7,5,1 955 €,1 842 €,89.6%,3.16%,45.46%,54.54%
59350,Lille,238 246,34 ans,49.5%,11.3%,7 007 h/km²,20 520 €/an,34,5 212,1 376,18 095,5 885,3.4,295,2.9,3.7,3.7,2.7,3.8,240 109,239 419,15%,36%,21%,14%,9%,4%,1%,15%,11%,12%,7%,19%,26%,22%,38%,70.55,66.74,127 228,59000,région Hauts-de-France,département du Nord,la Métropole Européenne de Lille,Mme Martine AUBRY,4,77,240,117,71,892,155,12,161,3694,373,17,434,9,15,35,77,16,20,25,24,177,84,57,14,31,17,25,4,12,35,7,44,12,12,37,56,4,17,137,40,,50,20,13,10,12,13,2 942 €,3 684 €,87.45%,3.49%,27.72%,72.28%
59512,Roubaix,98 286,34 ans,38%,16.9%,7 560 h/km²,14 580 €/an,13,2 583,438,4 784,2 098,2.7,37,2.1,3.2,2.9,2.2,3.3,100 609,100 218,26%,23%,18%,17%,10%,5%,1%,3%,12%,12%,12%,37%,6%,39%,25%,59.01,51.79,47 641,59100,région Hauts-de-France,département du Nord,la Métropole Européenne de Lille,M. Guillaume DELBAR,1,12,168,68,58,157,142,3,30,1027,126,1,54,3,2,5,29,7,5,12,11,62,36,9,2,,5,,,1,6,1,6,2,,7,9,2,6,42,15,,33,11,7,6,8,5,1 505 €,1 994 €,88.93%,0.72%,33.36%,66.64%
59599,Tourcoing,98 772,36 ans,45.8%,14.1%,6 585 h/km²,18 300 €/an,15,2 060,308,3 862,886,3.0,50,2.6,3.2,3.2,2.7,3.5,100 724,100 350,23%,21%,21%,17%,12%,5%,1%,5%,14%,14%,14%,27%,7%,38%,23%,61.63,58.59,62 893,59200,région Hauts-de-France,département du Nord,la Métropole Européenne de Lille,Mme Doriane BECUE,1,24,78,42,49,89,103,4,18,623,134,2,52,2,2,8,31,3,5,12,9,60,39,14,3,4,2,1,,1,6,,7,2,,1,14,1,6,42,22,,24,17,4,6,5,4,1 929 €,1 551 €,90.34%,0.52%,47.5%,52.5%
60159,Compiègne,40 761,39 ans,42.4%,10.8%,769 h/km²,21 000 €/an,53,652,55,1 178,1 306,4.0,34,3.5,4.2,4.2,4.2,4.0,40 770,40 734,18%,24%,17%,17%,15%,8%,1%,10%,19%,12%,8%,22%,16%,26%,34%,69.41,67.63,24 598,60200,région Hauts-de-France,département de l'Oise,,M. Philippe MARINI,3,7,32,22,10,91,47,7,27,196,64,4,56,4,1,6,11,2,5,10,8,29,27,18,1,6,1,5,3,4,4,1,4,2,2,4,12,2,7,24,12,,13,5,4,3,5,5,2 977 €,2 527 €,90.43%,1.7%,35.01%,64.99%
62193,Calais,67 571,40 ans,42.5%,15.9%,2 048 h/km²,18 090 €/an,33,1 816,102,2 440,774,3.1,62,2.9,3.3,3.3,2.9,3.0,62 785,63 971,18%,21%,18%,20%,16%,7%,1%,3%,20%,15%,12%,30%,4%,29%,30%,64.89,66.4,50 946,62100,région Hauts-de-France,département du Pas-de-Calais,,Mme Natacha BOUCHART,3,18,36,39,40,101,72,13,24,287,126,8,106,2,1,8,28,3,4,9,9,44,28,1,,,1,4,,1,4,1,1,,,5,1,2,3,13,6,,23,7,7,2,6,2,1 513 €,1 528 €,87.56%,1.96%,44.07%,55.93%
63113,Clermont-Ferrand,146 351,38 ans,46.6%,10.8%,3 485 h/km²,20 430 €/an,42,2 342,745,6 639,2 041,3.1,209,2.6,3.6,3.3,2.9,2.9,150 895,150 145,15%,31%,18%,16%,13%,7%,1%,10%,18%,14%,9%,19%,16%,21%,41%,72.64,67.18,73 343,,région Auvergne-Rhône-Alpes,département du Puy-de-Dôme,Clermont Auvergne Métropole,M. Olivier BIANCHI,6,26,119,65,31,392,167,17,141,1446,263,23,171,10,11,17,66,4,12,35,16,86,84,31,9,30,6,6,4,10,19,4,34,2,1,48,36,11,25,57,32,,31,6,8,5,8,11,2 553 €,2 210 €,87.91%,4.25%,31.03%,68.97%
64024,Anglet,43 271,47 ans,41.3%,9%,1 664 h/km²,25 060 €/an,26,352,181,1 368,62,3.9,36,4.0,3.8,3.8,4.0,3.8,43 920,43 415,12%,14%,16%,19%,19%,12%,2%,7%,29%,13%,6%,13%,13%,22%,32%,77.36,75.27,32 710,64600,région Nouvelle-Aquitaine,département des Pyrénées-Atlantiques,,M. Claude OLIVE,4,8,17,31,13,126,67,4,21,148,90,8,25,1,1,14,16,,4,5,6,46,36,2,4,,3,1,,1,2,,,6,1,5,2,,2,20,7,,7,5,1,1,1,3,8 499 €,5 327 €,78.07%,15.16%,56.09%,43.91%
64102,Bayonne,54 306,43 ans,47.8%,8.7%,2 586 h/km²,21 780 €/an,21,847,146,3 202,294,3.2,62,3.2,3.4,3.4,3.0,2.7,55 920,55 329,13%,20%,19%,18%,15%,9%,2%,7%,22%,15%,9%,16%,13%,21%,39%,73.64,69.88,34 143,64100,région Nouvelle-Aquitaine,département des Pyrénées-Atlantiques,,M. Jean-René ETCHEGARAY,1,11,36,33,15,210,62,8,34,318,111,7,100,4,2,12,23,4,7,7,8,70,44,53,7,34,19,14,3,10,17,6,39,4,8,18,43,5,8,24,7,,13,9,2,6,3,4,4 859 €,3 926 €,89.73%,4.49%,36.52%,63.48%
64445,Pau,80 441,43 ans,42%,11.8%,2 595 h/km²,20 970 €/an,31,1 436,178,2 976,534,3.5,93,3.5,3.5,3.5,3.7,3.3,78 661,78 477,12%,23%,16%,16%,15%,10%,2%,8%,22%,13%,8%,19%,15%,18%,44%,74.21,70.3,46 829,64000,région Nouvelle-Aquitaine,département des Pyrénées-Atlantiques,,M. François BAYROU,1,17,76,38,38,223,64,8,64,688,175,15,106,4,4,15,34,1,10,15,12,58,53,27,7,17,4,12,,10,17,10,19,9,6,13,17,4,9,34,7,,18,9,4,7,4,8,2 553 €,2 053 €,80.58%,2.96%,38.89%,61.11%
65440,Tarbes,44 399,43 ans,40.9%,13%,2 960 h/km²,19 070 €/an,15,902,138,1 666,486,2.9,68,2.7,3.0,3.1,3.1,2.8,46 149,45 654,12%,24%,15%,16%,16%,10%,2%,4%,24%,16%,9%,22%,8%,15%,45%,68.55,65.25,26 459,65000,région Occitanie,département des Hautes-Pyrénées,,M. Gérard TRÉMÈGE,1,14,40,30,23,108,59,7,33,293,115,7,42,4,3,4,21,6,5,12,6,28,35,12,5,1,2,5,1,3,3,4,14,3,3,5,6,4,5,19,7,,12,5,6,3,7,6,1 846 €,1 297 €,82.94%,2.56%,34.86%,65.14%
66136,Perpignan,121 616,42 ans,36.6%,14.7%,1 788 h/km²,17 380 €/an,68,2 675,576,6 087,1 212,3.1,143,2.6,3.1,3.4,3.2,3.2,119 668,119 758,17%,18%,17%,17%,16%,10%,2%,4%,22%,12%,8%,26%,9%,23%,34%,69.26,66.89,68 277,66000,région Occitanie,département des Pyrénées-Orientales,,M. Louis ALIOT,5,31,183,65,45,339,268,15,67,723,285,20,96,4,3,29,53,6,10,9,10,96,69,29,2,21,11,19,2,1,25,5,31,3,14,19,37,1,16,70,28,1,29,10,8,5,5,7,2 219 €,1 542 €,80.04%,3.82%,40.56%,59.44%
67218,Illkirch-Graffenstaden,27 872,41 ans,48.1%,7.9%,1 267 h/km²,24 190 €/an,22,290,89,811,42,4.1,18,3.7,4.2,4.1,4.0,4.3,27 722,27 628,15%,20%,19%,19%,16%,8%,1%,10%,21%,14%,9%,16%,14%,28%,29%,74.11,72.46,17 966,,région Grand Est,département du Bas-Rhin,Strasbourg Eurométropole,M. Thibaud PHILIPPS,1,5,13,8,3,57,56,3,12,77,38,5,5,,,4,9,,3,5,2,26,15,,3,,1,1,,2,,3,5,,,2,21,,4,18,4,,6,,2,,3,,0 €,0 €,87.87%,2.96%,46.46%,53.54%
67482,Strasbourg,293 771,37 ans,46.4%,11.1%,3 766 h/km²,20 260 €/an,78,4 788,735,13 837,2 030,3.4,283,2.9,3.7,3.6,3.1,3.6,301 251,299 124,17%,28%,20%,16%,12%,6%,1%,12%,15%,12%,8%,20%,21%,27%,33%,74.28,69.85,140 550,67000,région Grand Est,département du Bas-Rhin,Strasbourg Eurométropole,Mme Jeanne BARSEGHIAN,3,56,230,164,49,1032,239,15,166,2146,512,59,186,16,11,47,80,8,33,28,31,304,221,91,25,28,29,52,12,14,44,21,54,33,11,91,65,13,37,204,50,3,55,19,19,19,13,20,0 €,0 €,87.13%,4.81%,27.52%,72.48%
68066,Colmar,66 970,42 ans,47.9%,11.6%,1 015 h/km²,21 120 €/an,66,1 207,176,2 176,390,3.4,65,3.3,3.6,3.2,3.5,3.2,66 304,66 608,16%,20%,19%,20%,16%,9%,1%,7%,22%,15%,13%,24%,11%,27%,30%,67.54,65.97,41 864,68000,région Grand Est,département du Haut-Rhin,,M. Eric STRAUMANN,5,10,53,45,18,247,95,11,34,273,137,17,76,2,2,9,23,6,11,16,8,49,53,17,8,5,3,13,,5,10,9,14,5,5,10,14,6,10,23,17,,13,2,4,3,4,3,0 €,0 €,90.63%,4.27%,37.78%,62.22%
68224,Mulhouse,104 978,38 ans,42.9%,16.4%,4 772 h/km²,16 620 €/an,22,2 831,268,4 007,1 388,3.2,95,2.7,3.3,3.5,3.1,3.4,103 062,103 741,21%,21%,20%,19%,14%,7%,1%,5%,17%,13%,14%,33%,9%,31%,31%,66.29,61.87,49 451,68100,région Grand Est,département du Haut-Rhin,,Mme Michèle LUTZ,4,32,112,66,42,262,136,10,50,798,242,26,107,10,4,9,36,7,10,19,21,88,54,41,5,10,6,20,,4,12,5,32,3,4,14,23,7,9,30,27,,23,5,7,3,8,5,0 €,0 €,82.14%,1.87%,33.6%,66.4%
69118,Écully,2 746,40 ans,48.1%,6.4%,172 h/km²,24 520 €/an,16,14,6,26,0,3.8,2,4.0,4.0,4.0,3.5,3.5,2 817,2 792,20%,15%,18%,20%,16%,7%,1%,5%,20%,13%,12%,17%,6%,41%,17%,79.85,77.4,1 965,,région Auvergne-Rhône-Alpes,département du Rhône,,M. Guy MARTINET,,,,2,,4,8,1,,2,3,1,1,,,,1,,,,,3,1,,,,,,,,,,,,,2,,,1,,1,,1,1,,,,,2 921 €,2 401 €,92.49%,1.35%,69.98%,30.02%
69123,Lyon,519 127,37 ans,52.3%,8.5%,11 045 h/km²,25 430 €/an,47,18 146,4 992,80 250,13 422,3.4,582,3.0,3.8,3.7,2.9,3.8,527 794,526 457,15%,29%,22%,16%,11%,6%,1%,18%,15%,12%,5%,13%,30%,24%,35%,81.95,75.8,292 668,69001,région Auvergne-Rhône-Alpes,département du Rhône,la Métropole de Lyon,M. Grégory DOUCET,6,111,585,313,145,2313,328,21,320,5079,940,108,662,16,26,66,160,7,49,53,68,436,283,170,33,80,25,56,4,26,72,25,44,35,18,164,84,17,78,410,64,4,98,50,26,25,23,42,6 840 €,4 759 €,86.66%,5.24%,33.74%,66.26%
69259,Vénissieux,65 502,36 ans,42.7%,13.8%,4 367 h/km²,17 140 €/an,15,1 372,179,4 177,1 814,2.7,22,1.9,2.8,3.0,2.8,3.1,68 103,67 794,24%,20%,20%,17%,12%,7%,1%,3%,15%,14%,14%,34%,5%,39%,25%,68.5,58.22,29 229,69200,région Auvergne-Rhône-Alpes,département du Rhône,la Métropole de Lyon,Mme Michèle PICARD,1,7,30,22,22,77,138,6,11,815,65,9,9,1,,,22,,5,11,6,36,11,1,,,,,,,1,,,3,,2,6,,5,30,17,,22,2,6,2,4,,3 907 €,2 184 €,91.51%,1.2%,33.99%,66.01%
69266,Villeurbanne,163 684,36 ans,48.2%,9.6%,11 692 h/km²,21 540 €/an,14,2 766,757,8 938,2 866,3.0,51,2.5,3.2,3.5,2.4,3.6,166 776,164 998,16%,27%,20%,14%,10%,6%,1%,11%,14%,13%,7%,18%,19%,26%,34%,72.29,65.15,88 484,69100,région Auvergne-Rhône-Alpes,département du Rhône,la Métropole de Lyon,M. Cédric VAN STYVENDAEL,2,17,132,66,38,279,160,7,45,1842,208,20,83,3,3,10,39,1,10,18,12,81,55,34,3,13,11,9,1,11,4,3,19,5,1,11,21,6,15,89,24,1,26,10,9,6,5,3,4 796 €,3 798 €,88.27%,3.47%,35.01%,64.99%
69271,Saint-Fons,11 208,41 ans,47.7%,6.8%,1 019 h/km²,28 750 €/an,11,77,58,524,5,3.9,12,3.8,4.0,4.6,3.8,3.4,11 770,11 615,18%,17%,17%,20%,16%,8%,1%,13%,20%,11%,7%,14%,15%,40%,16%,80.21,75.84,8 221,69680,région Auvergne-Rhône-Alpes,département du Rhône,la Métropole de Lyon,M. Jean Jacques SELLES,1,3,1,5,,21,29,2,9,23,12,2,1,,,5,5,,1,,2,6,3,,,,,,,,,,,,,,,,,2,3,,4,,1,,,,4 523 €,4 486 €,96.81%,0.69%,68.74%,31.26%
69290,Saint-Priest,49 229,37 ans,46.6%,9.4%,1 698 h/km²,21 420 €/an,29,621,118,2 153,145,2.8,23,1.9,3.0,3.3,2.8,2.9,51 303,50 737,22%,19%,20%,18%,12%,7%,1%,6%,16%,14%,11%,26%,9%,39%,22%,70.11,64.23,29 534,,région Auvergne-Rhône-Alpes,département du Rhône,la Métropole de Lyon,M. Gilles GASCON,2,4,25,26,16,60,123,9,18,374,60,7,6,,2,12,20,1,4,4,3,35,18,8,,3,3,2,,,3,2,4,2,1,,21,1,9,24,7,,16,1,4,1,2,,4 341 €,2 919 €,91.11%,1.55%,49.99%,50.01%
72181,Le Mans,146 249,41 ans,43.8%,12.2%,2 812 h/km²,21 180 €/an,52,2 944,556,5 305,1 283,3.2,159,2.6,3.2,3.5,3.2,3.3,146 550,146 233,17%,21%,17%,17%,16%,9%,2%,8%,24%,13%,9%,21%,11%,24%,34%,70.12,68.8,90 430,,région Pays de la Loire,département de la Sarthe,,M. Stéphane LE FOLL,3,33,57,83,38,201,131,18,94,967,220,8,132,7,4,10,43,3,9,29,19,77,57,51,4,11,8,17,10,5,18,14,22,10,4,17,18,5,19,52,34,2,35,16,14,9,6,9,2 441 €,1 765 €,87.33%,3.05%,45.4%,54.6%
73065,Chambéry,59 964,40 ans,45.7%,9.4%,2 855 h/km²,21 950 €/an,21,1 014,193,2 181,479,3.6,55,3.3,3.7,3.8,3.6,3.5,59 990,59 915,17%,22%,18%,17%,14%,8%,2%,9%,20%,13%,9%,19%,14%,27%,33%,75.47,69.47,33 591,73000,région Auvergne-Rhône-Alpes,département de la Savoie,,M. Thierry REPENTIN,2,15,40,35,16,151,55,8,41,458,118,14,52,4,5,14,21,2,9,9,12,65,41,12,5,2,2,7,,2,15,4,8,6,2,11,23,2,7,9,14,,18,6,4,2,4,3,3 591 €,2 863 €,87.26%,2.98%,40.33%,59.67%
74010,Annecy,132 117,41 ans,50%,7.2%,2 002 h/km²,26 250 €/an,66,1 526,492,4 845,1 320,3.2,194,2.8,3.3,3.7,3.2,3.0,135 840,134 918,16%,19%,20%,18%,15%,9%,2%,10%,22%,13%,9%,17%,16%,28%,30%,76.36,72.95,84 914,74000,région Auvergne-Rhône-Alpes,département de la Haute-Savoie,,M. François ASTORG,4,19,74,57,42,390,164,18,119,777,247,21,110,14,3,34,44,4,12,24,14,125,86,17,15,8,7,15,,5,10,2,15,8,2,17,26,12,18,82,10,,30,15,7,11,6,4,6 826 €,5 164 €,86.83%,6.17%,49.97%,50.03%
75056,Paris,2 103 778,40 ans,55.1%,8.4%,20 036 h/km²,29 730 €/an,105,77 536,18 498,324 977,115 296,3.2,1003,2.8,3.7,3.6,2.2,3.7,2 067 840,2 080 692,14%,24%,22%,19%,15%,7%,1%,27%,16%,10%,4%,12%,40%,23%,37%,78.31,74.1,1 368 025,75001,région Île-de-France,,la Métropole du Grand Paris,Mme Anne HIDALGO,19,878,3614,1966,880,17485,1214,58,1657,28563,4798,280,3019,268,239,306,868,54,164,226,224,1437,1611,591,209,149,124,383,8,81,305,137,243,159,40,873,337,104,203,2393,271,56,356,158,114,99,93,116,15 331 €,10 584 €,81.19%,9.63%,33.36%,66.64%
76351,Le Havre,166 687,41 ans,43.1%,14%,3 547 h/km²,20 180 €/an,47,2 984,403,5 095,3 291,3.3,100,3.0,3.4,3.6,3.1,3.5,162 861,163 662,18%,20%,18%,18%,16%,9%,1%,5%,22%,14%,11%,26%,8%,26%,32%,68.23,66.11,104 058,,région Normandie,département de la Seine-Maritime,,M. Edouard PHILIPPE,2,34,128,132,42,297,161,14,80,1130,253,11,162,9,5,16,46,8,12,32,20,100,78,26,6,14,5,11,2,3,10,7,17,6,4,13,28,1,17,84,46,1,46,10,15,4,10,4,2 530 €,2 127 €,86.74%,2.38%,39.37%,60.63%
76540,Rouen,117 662,37 ans,47.5%,11.1%,5 603 h/km²,21 330 €/an,21,3 178,327,8 816,2 637,3.2,185,3.0,3.6,3.4,2.6,3.4,119 038,118 193,13%,33%,18%,14%,11%,6%,1%,12%,15%,12%,7%,18%,19%,18%,44%,73.36,70.44,59 588,76000,région Normandie,département de la Seine-Maritime,la Métropole Rouen Normandie,M. Nicolas MAYER-ROSSIGNOL,3,35,121,95,37,457,85,8,78,950,270,3,236,5,7,27,36,2,11,17,16,91,62,59,8,26,15,18,1,12,29,17,23,10,7,22,31,8,16,78,24,,26,10,7,7,7,6,2 831 €,2 724 €,87.44%,2.64%,27.89%,72.11%
77108,Chelles,54 620,38 ans,48.5%,8.9%,3 641 h/km²,23 830 €/an,15,650,165,1 533,435,3.5,65,2.7,3.4,3.9,3.6,3.8,54 959,54 893,22%,18%,21%,19%,14%,6%,1%,9%,17%,15%,8%,21%,11%,40%,21%,72.2,65.83,33 025,77500,région Île-de-France,département de la Seine-et-Marne,,M. Brice RABASTE,4,8,42,29,13,59,75,6,18,456,62,3,21,1,2,6,15,1,4,3,4,35,16,5,,,3,2,,,3,2,2,3,1,4,5,,3,15,15,,17,2,5,2,3,3,3 755 €,3 449 €,92.61%,1.31%,56.93%,43.07%
77152,Lagny-sur-Marne,23 559,37 ans,44%,10.8%,2 356 h/km²,20 310 €/an,10,274,48,604,108,2.6,17,2.0,3.1,2.8,2.8,2.5,23 902,23 693,21%,18%,20%,18%,12%,6%,1%,6%,15%,14%,10%,26%,9%,36%,24%,67.22,60.51,12 029,,région Île-de-France,département de la Seine-et-Marne,,M. Gilles BATTAIL,1,2,14,10,6,29,38,4,7,264,23,,3,1,1,5,6,,2,6,1,7,2,1,,,,1,,2,,,3,2,,,14,,1,3,8,,7,1,2,,1,1,2 945 €,2 733 €,93.94%,0.94%,42.52%,57.48%
77183,Meaux,10 254,39 ans,44.8%,11.8%,1 025 h/km²,21 220 €/an,10,189,13,234,103,2.6,16,2.9,2.8,2.3,2.7,2.2,10 121,10 071,19%,18%,18%,18%,14%,7%,1%,5%,18%,16%,10%,26%,7%,36%,24%,68.68,64.16,5 820,,région Île-de-France,département de la Seine-et-Marne,,M. Ugo PEZZETTA,1,2,16,8,3,15,13,3,7,42,15,,5,,,3,4,,1,2,2,10,13,,,,,2,,,1,,1,,,1,13,,2,5,2,,3,1,2,1,1,1,2 088 €,1 748 €,82.09%,4.06%,49.28%,50.72%
77186,Melun,15 583,42 ans,46.1%,8.1%,91 h/km²,27 340 €/an,172,191,36,649,114,4.1,33,3.8,4.1,4.1,4.5,3.9,16 406,16 268,15%,21%,18%,20%,15%,11%,2%,16%,22%,11%,5%,13%,26%,24%,36%,79.47,75.28,9 545,77300,région Île-de-France,département de la Seine-et-Marne,,M. Frédéric VALLETOUX,,4,11,12,3,79,8,2,14,42,32,3,24,3,4,5,7,1,1,5,4,16,22,9,2,,2,7,,2,7,1,3,3,3,9,12,1,5,11,3,,5,3,2,1,2,2,5 216 €,4 630 €,84.8%,4.36%,40.02%,59.98%
78361,Mantes-la-Jolie,43 526,37 ans,42.5%,13%,4 836 h/km²,17 310 €/an,9,673,65,1 247,1 092,3.2,50,2.5,3.0,3.6,3.4,3.5,43 540,43 634,23%,21%,20%,17%,13%,7%,1%,5%,14%,14%,11%,34%,8%,39%,24%,67.13,58.42,22 184,,région Île-de-France,département des Yvelines,,M. Raphaël COGNET,,4,48,36,16,97,38,1,19,389,84,4,27,,,7,12,3,3,4,4,37,11,7,,1,4,5,,2,4,1,3,5,,,9,3,2,19,18,,16,3,5,2,2,2,3 081 €,2 632 €,94.3%,0.46%,30.26%,69.74%
78646,Versailles,84 095,40 ans,47.7%,5.8%,3 234 h/km²,33 780 €/an,26,871,216,2 211,704,3.9,57,3.8,4.1,3.7,4.0,3.9,82 873,83 130,18%,20%,19%,19%,12%,9%,2%,23%,17%,10%,3%,9%,40%,34%,27%,80.22,75.96,58 169,78000,région Île-de-France,département des Yvelines,,M. François DE MAZIÈRES,,17,64,42,25,263,35,6,53,700,91,7,51,2,4,16,25,3,8,10,6,38,35,16,4,7,4,17,,3,11,4,10,7,1,11,24,1,9,54,15,,18,12,5,6,5,6,8 840 €,6 723 €,87.55%,4.61%,43.45%,56.55%
79191,Niort,59 854,43 ans,46.9%,9.4%,880 h/km²,23 120 €/an,68,895,277,1 974,535,3.1,54,2.7,3.2,3.1,3.3,3.0,60 242,60 095,15%,18%,18%,20%,16%,9%,2%,10%,24%,14%,8%,20%,12%,22%,35%,75.18,72.09,39 294,79000,région Nouvelle-Aquitaine,département des Deux-Sèvres,,M. Jérôme BALOGE,4,14,35,41,22,107,67,11,37,259,98,6,55,4,3,13,25,5,5,12,10,44,29,18,2,5,2,4,,,8,4,12,,3,3,24,3,10,20,11,,19,7,6,4,7,3,1 890 €,1 523 €,88.31%,3.04%,48.59%,51.41%
80021,Amiens,136 449,37 ans,43.7%,12.9%,2 785 h/km²,19 650 €/an,49,3 321,241,7 160,1 632,3.5,144,3.3,3.7,3.7,3.4,3.5,136 331,136 031,16%,29%,18%,16%,12%,6%,1%,8%,16%,13%,8%,24%,13%,24%,35%,68.98,67.56,74 433,80000,région Hauts-de-France,département de la Somme,,Mme Brigitte FOURÉ,2,37,64,92,43,223,89,10,65,1163,192,10,132,6,3,16,48,5,16,29,11,151,43,53,7,14,12,15,3,14,24,7,23,14,8,19,31,10,16,61,30,1,45,13,9,8,12,13,2 332 €,2 435 €,88.24%,2.68%,30.92%,69.08%
81004,Albi,51 290,45 ans,39.5%,11.3%,1 166 h/km²,21 650 €/an,44,700,160,1 493,1 195,3.5,53,3.3,3.7,3.6,3.5,3.2,50 809,50 642,12%,21%,14%,17%,17%,11%,2%,6%,27%,12%,7%,22%,11%,20%,38%,74.29,70.71,33 291,81990,région Occitanie,département du Tarn,,Mme Stéphanie GUIRAUD-CHAUMEIL,2,11,40,35,14,141,83,10,30,278,100,14,40,6,4,16,21,2,7,16,9,31,26,16,6,3,2,2,,1,4,9,,,2,4,20,5,10,27,,,12,6,4,2,5,4,1 921 €,2 234 €,88.48%,3.41%,46.06%,53.94%
81065,Castres,42 505,45 ans,42.3%,11.3%,434 h/km²,20 940 €/an,98,729,180,1 130,305,3.3,21,3.1,3.1,3.5,3.6,3.4,43 264,43 096,15%,18%,15%,20%,19%,12%,2%,6%,28%,14%,9%,24%,8%,25%,30%,72.52,69.97,30 143,81100,région Occitanie,département du Tarn,,M. Pascal BUGIS,4,12,25,20,23,88,71,8,29,148,94,11,26,1,3,18,15,8,5,10,5,25,28,4,1,,,5,1,1,1,3,2,1,3,4,5,,6,13,9,,13,8,3,4,3,5,1 424 €,1 553 €,86.86%,1.72%,55.49%,44.51%
82121,Montauban,62 945,42 ans,43%,9.6%,466 h/km²,21 630 €/an,135,906,260,1 806,389,3.3,44,3.2,3.4,3.3,3.2,3.3,64 096,63 702,17%,18%,17%,19%,18%,8%,1%,6%,23%,13%,9%,22%,9%,29%,26%,76.08,73.43,41 632,82000,région Occitanie,département du Tarn-et-Garonne,,Mme Brigitte BAREGES,3,15,54,35,28,148,117,9,41,224,131,12,46,7,2,16,15,10,7,16,8,60,48,18,2,13,3,10,,3,18,6,17,6,5,3,13,4,8,38,11,,24,7,4,5,3,5,1 877 €,1 852 €,87.32%,1.6%,54.33%,45.67%
82190,Moissac,4 961,41 ans,46.1%,9%,138 h/km²,22 480 €/an,36,0,16,68,12,3.8,3,3.7,3.3,3.7,4.7,3.7,5 026,4 997,21%,12%,22%,19%,14%,8%,2%,7%,19%,10%,12%,23%,7%,36%,20%,76.54,74.01,3 568,,région Occitanie,département du Tarn-et-Garonne,,M. Stéphane TUYERES,,2,1,2,2,3,8,2,3,3,5,1,3,,,,1,,,1,1,2,5,,,,,,,,,,,,,,,,,3,1,,2,,1,,,,1 560 €,1 611 €,86.37%,2.49%,66.04%,33.96%
83061,Fréjus,59 719,46 ans,39.4%,10%,585 h/km²,21 960 €/an,102,864,200,2 256,1 019,3.7,65,3.4,3.6,4.1,3.8,3.7,60 816,60 061,14%,13%,15%,18%,19%,12%,2%,4%,28%,14%,7%,23%,7%,26%,26%,73.57,73.49,39 359,83600,région Provence-Alpes-Côte d'Azur,département du Var,,M. David RACHLINE,2,16,52,39,16,220,144,9,27,257,135,12,60,1,1,18,20,2,9,5,5,36,30,16,4,4,1,5,1,1,5,2,5,1,1,1,16,1,7,20,11,,12,2,3,,2,,3 710 €,4 075 €,59.62%,37.03%,54.72%,45.28%
83069,Hyères,55 858,47 ans,40.2%,9.6%,423 h/km²,22 960 €/an,132,899,207,2 192,686,3.1,73,2.9,3.2,3.2,3.5,2.8,54 611,54 732,13%,14%,15%,19%,20%,13%,2%,5%,31%,14%,6%,19%,10%,24%,31%,73.44,73.26,40 777,83400,région Provence-Alpes-Côte d'Azur,département du Var,la Métropole Toulon-Provence-Méditerranée,M. Jean-Pierre GIRAN,3,8,73,47,24,269,107,8,22,104,129,13,60,4,4,24,24,4,6,11,10,63,43,19,1,7,5,5,,1,8,4,5,5,2,9,30,1,4,16,12,,16,2,3,1,4,1,5 328 €,4 017 €,68.11%,25.35%,49.48%,50.52%
83123,Ollioules,18 538,54 ans,32.3%,8.7%,976 h/km²,26 150 €/an,19,201,100,613,82,3.5,66,3.6,3.8,3.6,3.7,2.9,18 822,18 578,9%,10%,11%,17%,26%,18%,3%,6%,39%,9%,4%,18%,13%,19%,27%,72.54,72.88,15 799,,région Provence-Alpes-Côte d'Azur,département du Var,,M. Ferdinand BERNHARD,,3,12,18,7,85,32,1,7,19,55,3,11,1,1,5,8,,4,1,6,17,13,1,3,,,2,,,1,2,1,2,1,,6,,3,11,2,,2,1,1,,,,5 953 €,6 125 €,56.93%,38.99%,63.4%,36.6%
83126,La Seyne-sur-Mer,63 732,45 ans,40.9%,10.7%,2 897 h/km²,21 400 €/an,22,1 056,159,2 068,866,2.6,47,2.4,2.7,2.6,2.6,2.7,61 893,62 116,16%,15%,17%,18%,20%,11%,2%,5%,26%,15%,8%,22%,7%,28%,25%,70.81,69.35,45 312,,région Provence-Alpes-Côte d'Azur,département du Var,la Métropole Toulon-Provence-Méditerranée,Mme Nathalie BICAIS,4,6,44,39,29,117,128,6,18,309,142,10,36,2,1,10,26,1,8,6,10,46,35,12,1,5,3,4,,1,2,4,4,4,,8,8,1,10,27,15,,14,1,4,2,2,1,4 090 €,3 275 €,79.92%,10.24%,52.74%,47.26%
83129,Six-Fours-les-Plages,37 109,49 ans,38.8%,9.2%,1 427 h/km²,24 660 €/an,26,398,209,1 041,128,3.3,34,3.5,3.2,3.6,3.2,3.1,38 267,37 789,12%,11%,14%,19%,22%,15%,2%,6%,33%,12%,5%,18%,9%,24%,27%,73.99,74.49,30 907,,région Provence-Alpes-Côte d'Azur,département du Var,la Métropole Toulon-Provence-Méditerranée,M. Jean Sébastien VIALATTE,,6,28,25,10,115,77,5,11,50,99,11,24,,2,10,15,,3,1,5,17,26,,,,,1,,1,6,,2,,,1,6,,1,15,6,,6,,2,,1,1,4 898 €,4 910 €,65.42%,29.96%,64.16%,35.84%
83137,Toulon,179 116,43 ans,43.1%,10.2%,4 265 h/km²,20 960 €/an,42,3 605,640,6 768,2 680,3.0,138,2.7,3.0,3.1,3.0,3.3,188 376,186 588,16%,17%,19%,19%,17%,10%,2%,6%,23%,15%,8%,22%,10%,26%,32%,70.38,69.04,104 963,83000,région Provence-Alpes-Côte d'Azur,département du Var,la Métropole Toulon-Provence-Méditerranée,M. Hubert FALCO,1,23,128,124,67,431,188,9,72,1002,355,16,197,8,4,35,74,1,20,13,22,117,107,53,8,27,10,15,,8,24,9,21,6,6,25,8,,19,65,41,,43,12,10,4,7,7,4 376 €,2 713 €,94.04%,2.34%,44.52%,55.48%
83139,Saint-Raphaël,581,51 ans,39.6%,10.7%,21 h/km²,22 650 €/an,28,0,0,0,0,0,5,,,,,,581,581,11%,9%,13%,23%,31%,11%,2%,8%,32%,8%,6%,18%,12%,17%,25%,76.69,78.46,519,83690,région Provence-Alpes-Côte d'Azur,département du Var,,M. Fabien BRIEUGNE,,,1,1,,11,,,,2,1,,1,,,,,,,,,1,,,,,,,,,,,,,,1,,,,,,,1,,,,,,2 224 €,2 964 €,40%,51.45%,62.83%,37.17%
83140,Sanary-sur-Mer,5 207,43 ans,46%,9%,80 h/km²,22 240 €/an,65,41,13,97,19,4.1,10,4.2,4.1,4.1,4.5,3.4,5 301,5 271,17%,14%,18%,21%,18%,8%,1%,7%,24%,11%,8%,17%,8%,34%,18%,76.54,75.09,3 760,83170,région Provence-Alpes-Côte d'Azur,département du Var,,M. Jean-Michel CONSTANS,,1,4,4,1,6,11,1,1,3,7,2,2,,,,1,,,,1,4,1,,,,,,,,,,,1,,,,,1,1,1,,1,,,,,,2 441 €,1 818 €,78.21%,10.14%,73.14%,26.86%
83143,La Valette-du-Var,4 335,47 ans,40.3%,10.7%,111 h/km²,23 080 €/an,39,21,17,69,0,0,5,,,,,,4 309,4 306,14%,12%,15%,22%,24%,11%,2%,4%,31%,11%,9%,20%,7%,30%,18%,74.98,73.83,3 725,,région Provence-Alpes-Côte d'Azur,département du Var,,M. Jérémy GIULIANO,,,,2,2,4,3,,,3,8,1,2,,,,1,,,1,1,,1,,,,,,,,,,,,,,,,,1,,,1,,,,,,2 036 €,2 441 €,81.56%,6.9%,71.59%,28.41%
83144,La Garde,23 719,44 ans,45.9%,7.3%,1 581 h/km²,23 810 €/an,15,342,60,784,111,2.7,20,2.8,3.2,2.7,2.2,2.5,24 438,24 335,15%,16%,19%,19%,18%,12%,2%,6%,27%,17%,7%,17%,8%,27%,26%,76.86,76.23,16 944,,région Provence-Alpes-Côte d'Azur,département du Var,la Métropole Toulon-Provence-Méditerranée,M. Thierry ALBERTINI,1,4,12,14,5,55,41,4,16,60,57,,20,1,4,7,9,,4,3,5,26,26,,2,,1,2,,,2,3,2,,,,9,,3,11,5,,5,1,2,,,1,3 875 €,3 086 €,92.52%,1.26%,58.51%,41.49%
84007,Avignon,92 188,40 ans,40.7%,14.4%,1 440 h/km²,17 690 €/an,64,2 043,627,5 310,1 939,2.3,225,1.6,2.7,2.9,2.1,2.4,90 840,90 946,19%,20%,18%,17%,15%,8%,1%,6%,19%,12%,10%,26%,11%,28%,33%,69.02,64.62,55 743,84000,région Provence-Alpes-Côte d'Azur,département du Vaucluse,,Mme Cécile HELLE,4,19,114,76,38,324,192,14,54,905,170,21,89,6,7,11,35,1,8,20,8,60,43,28,3,15,2,12,,4,9,4,11,3,6,15,14,3,8,51,25,,30,7,8,5,6,9,2 779 €,2 393 €,79.62%,4.67%,35.26%,64.74%
84029,Bollène,4 533,41 ans,49.3%,7.3%,267 h/km²,23 700 €/an,17,46,17,57,10,4.3,3,4.3,4.3,4.7,4.0,4.3,4 490,4 499,20%,13%,20%,22%,18%,7%,1%,6%,19%,13%,9%,18%,7%,41%,15%,76.96,77.16,3 849,,région Provence-Alpes-Côte d'Azur,département du Vaucluse,,M. Philippe DE BEAUREGARD,,1,2,2,1,1,13,1,3,1,12,1,2,,1,,1,,,,,3,,,,,,,,,,,,,,,,,1,5,1,,2,1,,,,,2 338 €,1 093 €,89.93%,2.02%,69.56%,30.44%
84031,Brignoles,31 619,42 ans,39.6%,13.7%,855 h/km²,18 780 €/an,37,540,172,1 029,648,3.0,43,2.1,3.3,3.5,2.9,3.0,32 234,31 871,18%,15%,16%,18%,17%,9%,1%,3%,23%,12%,12%,30%,6%,31%,25%,70.36,69.06,19 269,84200,région Provence-Alpes-Côte d'Azur,département du Vaucluse,,M. Serge ANDRIEU,1,7,32,18,15,31,67,7,16,177,69,4,17,2,1,7,10,1,3,6,3,12,23,11,2,1,1,2,,3,8,3,4,1,,3,12,2,9,12,9,,11,1,3,2,3,2,2 435 €,1 650 €,85.6%,2.92%,46.19%,53.81%
84055,Orange,1 606,44 ans,47.1%,5.2%,803 h/km²,27 110 €/an,2,0,0,9,0,0,5,,,,,,1 680,1 660,17%,11%,19%,20%,20%,10%,0%,7%,29%,12%,8%,13%,12%,35%,13%,80.7,82.2,1 337,84450,région Provence-Alpes-Côte d'Azur,département du Vaucluse,,M. Daniel BELLEGARDE,,,,,1,1,4,,,1,2,,,,,1,,,1,,,1,2,,,,,,,,,,,,,,,,2,1,,,1,,,,,,2 764 €,3 657 €,94.35%,2.97%,79.19%,20.81%
84056,Pertuis,5 201,40 ans,47.6%,7.9%,226 h/km²,21 940 €/an,23,30,16,56,6,2.7,7,2.7,3.7,2.7,2.1,2.1,5 395,5 380,23%,14%,21%,20%,16%,8%,1%,4%,21%,15%,13%,18%,6%,43%,15%,77.55,77.98,3 701,84150,région Provence-Alpes-Côte d'Azur,département du Vaucluse,,M. Louis BISCARRAT,,2,2,3,1,2,8,2,1,3,9,,2,,1,,2,,1,,1,3,2,,,,,,,,,,,,,,,,,6,1,,2,2,,,,,2 153 €,1 657 €,88.02%,1.48%,63.94%,36.06%
84087,Cavaillon,29 706,42 ans,41.4%,11.9%,401 h/km²,20 360 €/an,74,400,101,918,618,3.4,30,3.4,3.6,3.3,3.4,3.6,29 030,29 044,17%,16%,17%,19%,16%,10%,1%,4%,22%,14%,10%,25%,7%,31%,27%,72.68,72.1,19 382,84100,région Provence-Alpes-Côte d'Azur,département du Vaucluse,,M. Jacques BOMPARD,1,8,25,20,16,63,57,6,14,104,73,9,21,1,1,2,11,2,2,7,3,13,12,7,1,2,,2,,,6,,6,2,1,2,1,,3,9,8,,11,3,3,1,4,1,2 326 €,1 688 €,88.94%,1.6%,46.99%,53.01%
85191,La Roche-sur-Yon,54 849,42 ans,45.1%,9.4%,630 h/km²,22 310 €/an,87,802,151,1 772,483,3.6,53,3.6,3.7,3.6,3.6,3.4,55 902,55 708,16%,22%,16%,19%,17%,9%,1%,7%,25%,13%,11%,19%,9%,23%,34%,72.51,71.22,38 394,,région Pays de la Loire,département de la Vendée,,M. Luc BOUARD,5,5,33,37,12,99,57,8,56,342,79,8,51,3,3,15,16,1,7,23,10,23,33,26,,9,3,12,,3,9,5,10,2,,8,13,1,13,26,15,,15,8,4,3,5,8,2 372 €,2 425 €,92.39%,2.62%,47.59%,52.41%
86194,Poitiers,89 916,37 ans,44.2%,10.4%,2 141 h/km²,20 150 €/an,42,1 492,389,3 822,738,3.4,92,3.2,3.8,3.4,3.3,3.2,91 204,90 899,14%,36%,17%,14%,12%,7%,1%,9%,16%,14%,7%,17%,16%,17%,45%,74.15,68.92,44 890,86000,région Nouvelle-Aquitaine,département de la Vienne,,,3,18,47,35,16,140,75,10,68,581,110,13,80,9,3,11,31,3,6,13,12,76,38,26,3,11,8,10,1,5,7,5,16,9,4,9,22,2,9,33,21,,21,6,7,4,9,5,2 036 €,2 518 €,89.19%,2.99%,30.04%,69.96%
87085,Limoges,129 937,41 ans,43.3%,11.2%,1 666 h/km²,20 590 €/an,78,1 915,343,5 050,1 376,3.4,136,3.3,3.5,3.4,3.6,3.4,127 511,128 049,14%,25%,16%,17%,16%,9%,2%,7%,24%,13%,9%,21%,11%,19%,41%,74.7,70.05,75 192,87000,région Nouvelle-Aquitaine,département de la Haute-Vienne,,M. Emile Roger LOMBERTIE,5,27,66,52,31,249,150,23,79,868,206,15,117,17,7,16,60,4,10,23,14,122,53,37,9,22,6,18,3,9,17,4,9,6,3,22,21,13,19,76,26,1,33,7,11,4,12,7,1 847 €,1 616 €,88.37%,2.87%,39.38%,60.62%
91228,Évry-Courcouronnes,66 919,35 ans,46.4%,11.8%,5 577 h/km²,19 160 €/an,12,1 342,139,2 699,848,3.1,42,2.3,3.2,3.6,2.9,3.6,66 128,66 246,23%,23%,21%,17%,11%,4%,0%,7%,11%,15%,10%,22%,11%,39%,24%,67.63,59.36,33 337,,région Île-de-France,département de l'Essonne,,,2,14,50,25,18,78,60,3,33,714,79,5,9,3,3,2,19,1,6,12,4,44,12,26,1,13,6,11,2,1,6,4,5,6,,1,30,2,8,28,18,,27,2,6,1,4,1,2 951 €,2 440 €,92.06%,2.05%,41.29%,58.71%
92002,Antony,64 263,40 ans,49.3%,6.9%,7 140 h/km²,32 000 €/an,9,538,238,2 157,323,3.8,50,3.6,3.8,3.8,3.7,4.1,64 912,64 633,18%,18%,20%,19%,14%,7%,1%,23%,18%,9%,3%,11%,36%,37%,23%,80.2,75.88,41 966,92160,région Île-de-France,département des Hauts-de-Seine,la Métropole du Grand Paris,M. Jean-Yves SENANT,,12,46,22,11,101,37,3,19,309,54,5,8,,,5,20,,4,6,3,56,30,34,5,13,9,14,2,2,8,4,11,12,5,5,3,2,10,39,10,,13,2,5,1,2,1,6 489 €,5 116 €,92.26%,1.67%,57.62%,42.38%
92004,Asnières-sur-Seine,93 941,37 ans,51.9%,7.9%,23 485 h/km²,28 370 €/an,4,1 004,142,2 954,962,3.3,40,3.3,3.4,3.6,2.8,3.7,93 834,93 065,19%,19%,24%,16%,10%,5%,1%,20%,12%,11%,5%,15%,31%,36%,27%,80.13,74.82,48 963,,région Île-de-France,département des Hauts-de-Seine,la Métropole du Grand Paris,M. Manuel AESCHLIMANN,,24,78,65,31,173,53,3,32,747,138,4,33,1,4,7,20,,6,8,11,30,37,2,3,2,2,3,,,2,1,3,5,,2,16,1,8,81,18,1,17,4,4,4,2,1,9 066 €,6 571 €,86.81%,3.49%,42.24%,57.76%
92012,Boulogne-Billancourt,119 019,40 ans,54.6%,7%,19 837 h/km²,35 040 €/an,6,946,260,4 648,702,3.8,55,3.6,3.7,4.1,3.4,4.0,121 486,121 253,17%,20%,24%,19%,13%,7%,1%,28%,16%,9%,3%,10%,41%,31%,31%,81.19,77.59,72 832,,région Île-de-France,département des Hauts-de-Seine,la Métropole du Grand Paris,M. Pierre-Christophe BAGUET,1,27,99,59,30,379,50,3,58,585,143,7,53,2,4,14,34,2,8,13,8,105,81,31,11,9,5,18,1,4,8,5,11,22,2,17,12,4,17,138,12,5,14,8,4,6,3,5,15 870 €,8 835 €,87.72%,5.64%,44.09%,55.91%
92023,Clamart,58 576,40 ans,47.7%,7.5%,7 322 h/km²,29 920 €/an,8,528,226,1 734,477,3.7,39,3.6,3.6,3.7,3.8,3.5,58 284,57 707,17%,17%,18%,19%,12%,7%,1%,17%,16%,11%,4%,15%,25%,38%,23%,78.62,74.4,36 492,92140,région Île-de-France,département des Hauts-de-Seine,la Métropole du Grand Paris,,,14,38,31,14,111,41,5,20,332,57,4,10,2,,10,16,1,5,3,7,32,16,3,4,,2,4,,3,1,1,3,2,,,13,3,4,40,9,,12,1,3,1,1,,7 983 €,5 875 €,91.09%,3.01%,51.24%,48.76%
92024,Clichy,64 410,37 ans,54.9%,9.9%,21 470 h/km²,22 410 €/an,3,871,83,2 587,315,3.3,58,3.4,3.3,3.4,2.7,3.8,67 128,66 505,18%,21%,24%,18%,12%,4%,1%,16%,12%,15%,6%,22%,23%,32%,30%,75.7,69.48,31 899,92110,région Île-de-France,département des Hauts-de-Seine,la Métropole du Grand Paris,M. Rémi MUZEAU,1,19,61,49,24,214,46,1,17,702,92,5,46,1,,3,18,2,3,5,3,28,25,2,3,1,1,2,,,4,3,1,1,,3,,,4,89,9,2,11,5,3,5,2,1,16 605 €,7 497 €,91.44%,2.96%,28.47%,71.53%
92025,Colombes,91 053,37 ans,49.5%,9.1%,13 008 h/km²,25 100 €/an,7,889,310,2 824,995,3.1,91,2.7,3.1,3.3,2.8,3.4,92 520,91 785,20%,19%,21%,18%,11%,5%,1%,15%,13%,13%,6%,19%,22%,40%,23%,76.77,69.9,48 884,92700,région Île-de-France,département des Hauts-de-Seine,la Métropole du Grand Paris,M. Patrick CHAIMOVITCH,3,18,59,53,24,137,63,6,21,898,93,4,25,,1,11,18,2,4,12,8,25,23,,2,,3,3,,,1,2,4,1,,1,10,,9,59,17,1,21,2,6,1,3,1,8 089 €,5 348 €,92.23%,1.7%,45.32%,54.68%
92026,Courbevoie,82 902,39 ans,54.6%,7.2%,20 726 h/km²,32 080 €/an,4,803,188,2 692,653,3.3,75,3.3,3.3,3.4,3.1,3.7,81 218,81 368,17%,20%,24%,19%,12%,6%,1%,26%,15%,10%,3%,10%,37%,32%,30%,77.68,73.71,52 492,92400,région Île-de-France,département des Hauts-de-Seine,la Métropole du Grand Paris,,1,20,43,42,21,204,47,7,67,410,78,9,26,2,3,9,23,1,5,3,6,37,65,4,4,2,3,6,,,6,6,4,7,2,6,8,2,4,53,18,3,17,3,5,3,4,1,10 065 €,7 283 €,82%,9.46%,42.85%,57.15%
92040,Issy-les-Moulineaux,67 669,38 ans,56.8%,6.4%,16 917 h/km²,33 650 €/an,4,619,185,2 011,642,3.3,50,3.1,3.5,3.6,3.1,3.5,67 783,67 831,18%,19%,25%,19%,12%,6%,1%,29%,15%,9%,2%,9%,41%,34%,28%,79.43,75.92,45 197,,région Île-de-France,département des Hauts-de-Seine,la Métropole du Grand Paris,M. André SANTINI,2,15,34,32,8,176,25,2,36,329,55,7,18,,1,7,19,1,6,2,5,41,34,3,4,1,,1,,1,4,3,3,4,,3,15,,5,79,9,3,16,3,4,2,1,1,11 037 €,8 047 €,86.85%,6.87%,42.24%,57.76%
92044,Levallois-Perret,68 092,38 ans,55.2%,7.1%,34 046 h/km²,34 500 €/an,2,552,158,3 217,239,4.0,55,4.1,4.1,4.3,3.3,4.2,70 000,69 481,18%,21%,24%,17%,12%,6%,1%,27%,14%,9%,3%,10%,40%,33%,30%,80.42,75.69,43 331,,région Île-de-France,département des Hauts-de-Seine,la Métropole du Grand Paris,Mme Agnès POTTIER-DUMAS,,27,49,40,15,315,32,2,38,202,92,3,32,1,2,17,19,,7,1,4,30,47,3,2,,3,7,,1,5,2,3,7,,5,10,1,9,85,7,1,9,9,3,3,1,1,11 953 €,9 444 €,89.52%,3.55%,37.86%,62.14%
92050,Nanterre,97 783,36 ans,51%,10.2%,8 149 h/km²,21 620 €/an,12,1 361,170,4 073,1 218,2.9,113,2.5,2.8,3.5,2.7,3.3,99 786,99 264,20%,22%,22%,18%,11%,4%,1%,14%,12%,16%,7%,22%,21%,37%,25%,73.37,63.89,50 539,92000,région Île-de-France,département des Hauts-de-Seine,la Métropole du Grand Paris,M. Patrick JARRY,1,16,43,57,21,164,105,8,37,1274,86,7,24,3,6,8,27,6,5,8,8,29,29,1,3,,1,3,,,4,5,1,,1,,4,1,7,73,20,1,25,3,8,1,3,1,7 013 €,6 939 €,92.66%,2.28%,28.31%,71.69%
92051,Neuilly-sur-Seine,59 538,43 ans,46.3%,6.6%,19 846 h/km²,48 010 €/an,3,379,228,2 670,148,4.0,28,4.1,4.4,3.6,3.9,3.8,58 057,58 328,16%,18%,17%,20%,16%,10%,2%,26%,19%,7%,2%,8%,47%,31%,31%,83.69,80.68,37 469,,région Île-de-France,département des Hauts-de-Seine,la Métropole du Grand Paris,M. Jean-Christophe FROMANTIN,1,12,36,22,15,156,19,3,55,110,69,7,19,1,10,12,21,2,5,8,6,40,51,38,9,27,9,28,8,9,11,12,51,3,3,8,25,5,3,45,1,2,9,7,3,6,3,4,16 557 €,10 564 €,82.84%,8.02%,49.34%,50.66%
92063,Rueil-Malmaison,82 874,40 ans,48%,7.1%,5 920 h/km²,32 980 €/an,14,765,386,2 596,282,3.3,98,3.0,3.6,3.5,3.2,3.2,81 263,80 972,19%,16%,19%,20%,13%,7%,1%,21%,16%,9%,3%,11%,32%,39%,24%,79.01,75.31,55 143,,région Île-de-France,département des Hauts-de-Seine,la Métropole du Grand Paris,M. Patrick OLLIER,1,11,41,42,12,144,32,4,27,405,72,4,18,1,3,15,23,1,5,6,9,40,44,8,1,1,5,6,,3,12,3,6,3,1,6,3,1,8,38,8,,15,5,6,5,2,4,8 119 €,6 016 €,91.78%,1.85%,51.44%,48.56%
93001,Aubervilliers,88 365,35 ans,48.9%,13.2%,17 673 h/km²,15 330 €/an,5,1 933,422,5 178,1 305,2.2,44,1.9,2.2,3.0,1.2,2.8,93 546,92 678,23%,22%,24%,19%,10%,3%,0%,5%,9%,17%,14%,38%,9%,37%,21%,63.46,54.09,30 461,93300,région Île-de-France,département de la Seine-Saint-Denis,la Métropole du Grand Paris,Mme Karine FRANCLET,1,8,186,62,60,231,131,5,14,3891,131,3,94,1,1,3,16,,3,8,5,31,14,2,,,1,3,,,1,,5,2,,,5,,1,55,16,,19,4,7,3,4,1,4 529 €,3 780 €,93.35%,0.76%,22.44%,77.56%
93005,Aulnay-sous-Bois,87 599,36 ans,44.1%,12.4%,5 475 h/km²,18 710 €/an,16,1 580,253,3 630,1 745,2.4,52,1.9,2.4,2.8,2.1,2.7,89 126,88 657,23%,20%,20%,18%,12%,5%,1%,6%,13%,15%,11%,32%,8%,45%,17%,68.56,58.48,44 373,,région Île-de-France,département de la Seine-Saint-Denis,la Métropole du Grand Paris,M. Bruno BESCHIZZA,1,12,58,49,25,102,108,6,21,696,75,3,34,1,1,5,21,2,5,12,5,33,18,12,,7,2,,,1,8,2,12,2,1,5,10,1,4,28,24,,30,4,7,3,3,2,4 015 €,3 262 €,94.77%,0.83%,44.71%,55.29%
93007,Le Blanc-Mesnil,62 376,35 ans,42.6%,12.7%,7 797 h/km²,17 460 €/an,8,1 218,129,2 233,1 579,3.5,38,3.1,3.1,4.1,3.5,3.6,63 046,62 313,22%,19%,19%,17%,10%,4%,1%,3%,11%,15%,12%,36%,5%,47%,16%,67.66,57.61,25 982,,région Île-de-France,département de la Seine-Saint-Denis,la Métropole du Grand Paris,M. Thierry MEIGNEN,1,8,38,26,16,95,63,5,7,498,48,1,11,1,,3,14,,4,1,1,21,7,15,1,6,2,8,,,,2,4,5,,,11,1,6,14,17,,16,1,5,1,3,1,4 476 €,3 283 €,94.43%,1.31%,39.61%,60.39%
93029,Drancy,72 390,37 ans,46.2%,14.1%,10 341 h/km²,18 660 €/an,7,1 220,197,2 340,862,2.7,58,2.6,2.6,3.1,2.2,2.8,73 309,73 013,22%,20%,21%,18%,12%,5%,1%,4%,13%,16%,11%,37%,6%,41%,20%,67.1,60.1,34 925,93700,région Île-de-France,département de la Seine-Saint-Denis,la Métropole du Grand Paris,Mme Aude LAGARDE,2,8,76,41,19,80,99,3,13,850,124,2,45,4,,3,20,,4,4,5,37,13,3,,,2,1,,,1,,1,,,3,9,1,2,20,16,,20,1,6,1,2,1,4 309 €,3 329 €,91.92%,1.08%,42.74%,57.26%
93048,Montreuil,111 934,37 ans,51.9%,12.5%,13 992 h/km²,21 150 €/an,8,1 910,451,4 878,1 233,2.7,77,2.4,2.6,3.2,2.2,3.1,114 829,114 137,20%,19%,24%,19%,13%,4%,1%,15%,13%,14%,8%,23%,21%,33%,27%,74.19,65.95,60 784,93100,région Île-de-France,département de la Seine-Saint-Denis,la Métropole du Grand Paris,M. Patrice BESSAC,2,23,142,83,47,307,133,6,31,1465,118,12,77,5,1,9,28,1,6,20,7,36,18,,1,,1,,,,4,,4,3,1,2,12,1,6,89,26,1,25,3,10,3,5,5,7 390 €,6 099 €,92.69%,1.82%,35.78%,64.22%
93051,Noisy-le-Grand,72 978,37 ans,48.7%,9.8%,5 614 h/km²,23 490 €/an,13,1 016,198,2 181,856,3.7,75,3.3,3.9,4.2,3.4,3.8,74 637,73 826,20%,19%,21%,17%,12%,4%,1%,11%,13%,14%,7%,20%,16%,37%,22%,75.54,69.05,38 303,,région Île-de-France,département de la Seine-Saint-Denis,la Métropole du Grand Paris,Mme Brigitte MARSIGNY,1,10,37,21,17,99,58,7,27,450,65,4,17,1,2,6,17,,3,7,5,21,30,1,1,,,2,,,1,,3,3,,2,,1,7,38,22,,22,2,6,1,3,2,5 032 €,4 268 €,93.09%,1.5%,49.04%,50.96%
93053,Noisy-le-Sec,45 510,36 ans,48.2%,11.9%,9 102 h/km²,18 450 €/an,5,1 160,252,2 185,489,2.2,58,1.8,2.4,2.8,1.5,2.7,47 199,46 838,23%,19%,22%,18%,12%,5%,1%,7%,12%,17%,10%,28%,10%,41%,22%,69.72,61.79,20 319,,région Île-de-France,département de la Seine-Saint-Denis,la Métropole du Grand Paris,M. Olivier SARRABEYROUSE,,2,50,26,16,55,47,4,10,489,42,2,16,2,,2,10,,2,7,3,11,12,,2,,,1,,,2,1,2,,,,1,1,3,20,11,1,11,1,4,,2,,4 640 €,3 721 €,92.65%,0.82%,35.56%,64.44%
93055,Pantin,61 929,36 ans,50.1%,11.3%,12 386 h/km²,19 740 €/an,5,1 199,253,3 790,954,3.4,32,2.6,3.5,3.8,3.2,3.8,64 995,64 141,21%,18%,25%,17%,11%,4%,1%,11%,11%,14%,9%,26%,18%,36%,26%,74.6,66.14,26 962,93500,région Île-de-France,département de la Seine-Saint-Denis,la Métropole du Grand Paris,M. Bertrand KERN,,15,118,45,26,198,79,2,15,1680,90,4,50,2,1,1,15,,2,4,2,25,17,2,1,,1,1,,,4,1,1,,,2,2,1,2,140,11,1,13,5,4,3,3,1,7 195 €,5 818 €,93.79%,2.01%,28.22%,71.78%
93066,Saint-Denis,149 077,35 ans,37%,14.3%,12 423 h/km²,16 620 €/an,12,3 023,194,6 925,3 246,2.2,62,1.4,2.3,2.8,1.6,2.9,151 816,150 755,17%,17%,18%,13%,8%,3%,0%,5%,7%,12%,9%,36%,11%,35%,25%,66.11,56.03,47 382,,région Île-de-France,département de la Seine-Saint-Denis,la Métropole du Grand Paris,M. Mathieu HANOTIN,1,12,187,86,47,295,115,2,44,1841,174,6,100,4,2,4,27,2,11,14,12,44,18,15,,8,5,1,,1,3,3,41,1,2,,21,,5,65,40,,45,3,11,4,7,2,4 543 €,4 043 €,92.02%,1.7%,21.58%,78.42%
93078,Villepinte,41 470,34 ans,41.1%,10.9%,4 147 h/km²,19 060 €/an,10,747,66,1 636,535,3.0,23,3.0,2.7,3.3,3.0,3.3,41 858,41 329,23%,19%,20%,16%,10%,4%,0%,4%,11%,15%,9%,30%,6%,49%,14%,67.47,56.82,19 394,93420,région Île-de-France,département de la Seine-Saint-Denis,la Métropole du Grand Paris,Mme Martine VALLETON,1,6,30,18,6,35,52,5,11,280,35,3,7,,,2,9,,2,8,1,10,10,,,,,1,,1,1,,,,,4,,,1,16,9,,14,1,4,1,2,,3 300 €,3 033 €,94.06%,1.16%,52.68%,47.32%
94017,Champigny-sur-Marne,78 072,38 ans,48%,9.8%,7 097 h/km²,21 260 €/an,11,1 100,157,2 181,817,3.1,48,2.6,3.0,3.6,2.8,3.3,78 661,78 488,21%,20%,20%,20%,13%,5%,1%,8%,14%,15%,9%,26%,11%,40%,21%,70.17,62.68,42 977,,région Île-de-France,département du Val-de-Marne,la Métropole du Grand Paris,M. Laurent JEANNE,1,15,70,44,22,90,90,4,18,896,99,7,38,2,1,7,22,4,5,9,5,41,22,25,1,6,4,9,1,3,2,3,10,3,2,4,28,,3,38,19,,17,2,6,1,4,,5 251 €,3 688 €,93.57%,1.01%,45.24%,54.76%
94028,Créteil,93 397,37 ans,49%,10.1%,8 491 h/km²,21 270 €/an,11,1 447,214,3 928,979,3.5,59,2.6,3.3,4.1,3.4,4.0,94 677,94 308,20%,21%,21%,18%,13%,5%,1%,10%,14%,17%,7%,20%,15%,36%,25%,73.31,65.7,46 556,94000,région Île-de-France,département du Val-de-Marne,la Métropole du Grand Paris,M. Laurent CATHALA,1,18,51,33,21,124,46,8,28,1103,83,11,13,5,4,19,23,4,6,17,7,46,39,10,1,1,2,5,,2,1,3,1,6,1,3,21,3,8,54,20,,24,3,8,3,4,3,5 987 €,3 281 €,95.3%,0.88%,34.46%,65.54%
94041,Ivry-sur-Seine,65 064,37 ans,50.3%,10.7%,10 844 h/km²,19 680 €/an,6,1 067,218,3 124,677,2.4,62,1.8,2.5,3.1,1.8,2.7,67 440,66 806,18%,24%,23%,17%,11%,5%,1%,13%,12%,15%,8%,25%,19%,30%,29%,76.6,67.67,29 966,,région Île-de-France,département du Val-de-Marne,la Métropole du Grand Paris,M. Philippe BOUYSSOU,1,7,77,51,18,192,65,3,12,808,83,1,62,2,4,6,16,2,5,3,5,24,15,,1,,,,,1,1,,1,2,,1,6,1,4,42,13,,15,2,5,,2,1,7 129 €,5 274 €,90.77%,3.05%,30.29%,69.71%
94046,Maisons-Alfort,56 799,39 ans,54.9%,7.3%,11 360 h/km²,28 010 €/an,5,570,154,1 687,948,3.9,45,3.7,3.9,3.9,3.7,4.1,58 828,58 491,17%,21%,22%,19%,14%,7%,1%,18%,18%,14%,5%,13%,23%,34%,26%,77.9,73.02,36 908,,région Île-de-France,département du Val-de-Marne,la Métropole du Grand Paris,M. Olivier CAPITANIO,,8,39,37,13,88,35,4,25,251,70,5,27,2,,22,15,,4,2,6,31,25,,,,1,3,,,4,1,2,5,2,3,6,1,3,20,13,,12,3,4,1,2,,7 354 €,5 516 €,91.1%,2.63%,43.89%,56.11%
94068,Saint-Maur-des-Fossés,76 572,43 ans,48.5%,6%,6 961 h/km²,32 730 €/an,11,738,295,2 378,813,4.0,70,4.0,4.2,3.9,3.8,3.9,76 160,76 046,15%,17%,18%,21%,16%,9%,2%,19%,21%,9%,3%,12%,27%,34%,26%,80.75,76.63,50 466,,région Île-de-France,département du Val-de-Marne,la Métropole du Grand Paris,M. Sylvain BERRIOS,,15,65,58,21,172,57,5,38,318,117,2,39,4,1,19,23,4,9,14,8,54,31,16,3,4,3,9,,3,12,6,8,7,2,8,19,8,7,47,11,2,12,6,5,4,5,2,7 828 €,5 836 €,91.47%,1.69%,62.88%,37.12%
94076,Villejuif,60 183,38 ans,48%,10.6%,12 037 h/km²,21 950 €/an,5,713,164,1 893,694,2.6,91,2.0,2.6,2.9,2.3,2.9,58 927,58 634,16%,21%,20%,17%,12%,6%,1%,11%,14%,14%,6%,22%,18%,31%,28%,71.87,64.7,30 738,94800,région Île-de-France,département du Val-de-Marne,la Métropole du Grand Paris,M. Pierre GARZON,1,4,54,27,8,86,39,2,16,525,47,5,16,2,,2,15,1,4,7,2,20,9,3,2,,,,,,3,1,2,3,,1,1,2,3,34,12,,12,,5,1,,2,6 056 €,5 157 €,90.7%,3.02%,36.74%,63.26%
94081,Vitry-sur-Seine,93 963,37 ans,48.9%,10.7%,8 542 h/km²,19 490 €/an,11,1 278,297,3 578,1 149,2.2,101,1.6,2.4,3.0,1.6,2.3,97 248,96 832,21%,21%,21%,20%,13%,6%,1%,8%,14%,16%,10%,29%,12%,38%,21%,69.11,61.19,45 843,,région Île-de-France,département du Val-de-Marne,la Métropole du Grand Paris,M. Pierre BELL-LLOCH,2,41,95,33,25,132,75,3,17,1186,89,4,34,2,2,7,25,,8,10,5,46,20,9,1,6,3,10,,1,2,2,4,6,3,2,7,1,5,45,21,,21,,8,1,3,1,6 042 €,4 158 €,93.14%,1.54%,37.24%,62.76%
95018,Argenteuil,106 130,36 ans,48.3%,11.1%,6 243 h/km²,19 350 €/an,17,1 957,335,4 453,2 643,2.0,99,1.5,1.8,2.5,1.8,2.3,105 945,106 356,23%,20%,23%,19%,12%,5%,1%,8%,13%,15%,10%,26%,11%,42%,21%,70.22,61.76,52 609,95100,région Île-de-France,département du Val-d'oise,la Métropole du Grand Paris,M. Georges MOTHRON,1,12,101,68,41,146,215,11,21,1508,147,5,45,,,3,29,2,5,7,7,30,7,4,3,,2,8,,2,4,2,6,1,1,3,7,1,6,56,28,,29,4,9,4,4,4,4 551 €,3 237 €,92.33%,0.86%,44.52%,55.48%
95127,Cergy,70 906,32 ans,46.3%,10.8%,6 446 h/km²,20 270 €/an,11,1 140,243,2 128,1 083,3.1,78,2.3,3.2,3.7,3.1,3.5,73 000,72 123,22%,25%,22%,14%,9%,2%,0%,9%,8%,15%,8%,19%,15%,38%,23%,69.94,62.36,32 343,95000,région Île-de-France,département du Val-d'oise,,M. Jean-Paul JEANDON,1,7,47,27,13,96,50,4,34,1024,68,1,19,2,1,3,15,1,5,5,4,21,27,,1,,,2,,,1,2,1,2,,5,2,1,5,44,25,,26,1,6,1,3,,3 292 €,3 302 €,89.57%,2.68%,32.32%,67.68%
95585,Sarcelles,59 173,35 ans,42.5%,14%,7 397 h/km²,16 520 €/an,8,1 277,88,2 626,895,2.3,50,1.5,2.0,3.0,2.0,3.0,59 806,59 609,25%,21%,18%,18%,12%,5%,1%,3%,12%,17%,11%,36%,5%,46%,17%,64.38,55.05,28 284,95200,région Île-de-France,département du Val-d'oise,,M. Patrick HADDAD,2,10,80,28,23,82,103,1,12,812,91,2,25,,1,5,18,1,4,4,2,34,15,18,2,5,4,9,3,1,3,1,9,4,,3,1,,6,20,17,1,19,6,6,7,2,5,3 242 €,2 294 €,94.75%,0.75%,30.17%,69.83%
