com,metrics.age_moyen,metrics.agressions,metrics.cambriolages,metrics.code_postal,metrics.com,metrics.estimation_pop_2025,metrics.estimation_pop_2026,metrics.inscrits_election,metrics.nb_anesthesistes,metrics.nb_avis,metrics.nb_banques,metrics.nb_bars_discotheques,metrics.nb_bibliotheques,metrics.nb_boucheries,metrics.nb_boulangeries,metrics.nb_bureaux_poste,metrics.nb_cancerologues,metrics.nb_cardiologues,metrics.nb_chirurgiens,metrics.nb_cinemas,metrics.nb_coiffeurs,metrics.nb_colleges_prives,metrics.nb_colleges_publics,metrics.nb_creches,metrics.nb_dentistes,metrics.nb_dermatologues,metrics.nb_ecoles_maternelles_privees,metrics.nb_ecoles_maternelles_publiques,metrics.nb_ecoles_primaires_privees,metrics.nb_ecoles_primaires_publiques,metrics.nb_ehpa,metrics.nb_etablissements_handicapes,metrics.nb_garages,metrics.nb_gastroenterologues,metrics.nb_gynecologues,metrics.nb_habitant,metrics.nb_hopitaux,metrics.nb_hypermarches,metrics.nb_laboratoires_analyses,metrics.nb_lycees_prives,metrics.nb_lycees_publics,metrics.nb_medecins,metrics.nb_neurologues,metrics.nb_ophtalmologues,metrics.nb_orl,metrics.nb_pediatres,metrics.nb_pharmacies,metrics.nb_pneumologues,metrics.nb_psychologues,metrics.nb_radiologues,metrics.nb_restaurants,metrics.nb_rhumatologues,metrics.nb_sages_femmes,metrics.nb_stations_service,metrics.nb_superettes,metrics.nb_supermarches,metrics.nb_tabacs,metrics.nb_veterinaires,metrics.nccenr,metrics.nom_departement,metrics.nom_maire,metrics.nom_metropole,metrics.nom_region,metrics.note_moyenne_globale,metrics.part_0_14_ans,metrics.part_15_29_ans,metrics.part_30_44_ans,metrics.part_45_59_ans,metrics.part_60_74_ans,metrics.part_75_89_ans,metrics.part_90_plus,metrics.part_bac5_plus,metrics.part_cadres,metrics.part_couple_avec_enfant,metrics.part_employes,metrics.part_ouvriers,metrics.part_personnes_seules,metrics.part_retraites,metrics.part_sans_diplome,metrics.participation_1er_tour,metrics.participation_2nd_tour,metrics.pop_active,metrics.pop_densite,metrics.revenu_moyen,metrics.score_education,metrics.score_environnement,metrics.score_loisirs,metrics.score_securite,metrics.score_vie_pratique,metrics.stupefiants,metrics.superficie_km2,metrics.taux_chomage,metrics.vols_degradations,presentation.intro_text,real_estate.part_residences_principales,real_estate.part_residences_secondaires,real_estate.part_taux_locataires,real_estate.part_taux_proprietaires,real_estate.prix_m2_appartement,real_estate.prix_m2_maison,reviews_summary.nb_avis,reviews_summary.note_moyenne_globale,reviews_summary.score_education,reviews_summary.score_environnement,reviews_summary.score_loisirs,reviews_summary.score_securite,reviews_summary.score_vie_pratique
83137,43 ans,3 605,640,83000,83137,186 588,188 376,104 963,27,138,72,197,8,67,124,1002,,21,53,4,355,4,10,65,107,8,,41,12,43,22,13,188,10,15,179 116,1,1,20,7,7,117,8,24,9,6,74,6,25,8,431,,19,9,128,23,16,35,Toulon,département du Var,M. Hubert FALCO,la Métropole Toulon-Provence-Méditerranée,région Provence-Alpes-Côte d'Azur,3.0,16%,17%,19%,19%,17%,10%,2%,10%,6%,26%,15%,8%,32%,23%,22%,70.38,69.04,43.1%,4 265 h/km²,20 960 €/an,3.0,3.0,3.1,2.7,3.3,2 680,42,10.2%,6 768,,94.04%,2.34%,55.48%,44.52%,2 713 €,4 376 €,138,3.0,3.0,3.0,3.1,2.7,3.3
35238,37 ans,3 538,529,35000,35238,232 774,234 641,123 698,6,292,132,229,27,37,88,1627,,9,26,8,273,8,12,117,103,15,,35,20,44,23,31,87,4,23,230 890,6,6,18,12,13,159,7,17,6,17,58,8,48,13,507,8,28,17,126,37,17,28,Rennes,département de l'Ile-et-Vilaine,Mme Nathalie APPÉRÉ,Rennes Métropole,région Bretagne,3.4,14%,32%,18%,14%,11%,6%,1%,23%,13%,20%,11%,7%,38%,16%,14%,75.74,72.02,46.6%,4 618 h/km²,22 770 €/an,3.8,3.2,3.8,2.8,3.6,3 719,50,9.7%,10 356,,89.23%,4.2%,65.08%,34.92%,3 887 €,5 268 €,292,3.4,3.8,3.2,3.8,2.8,3.6
13055,40 ans,34 718,8 946,13001,13055,886 354,889 010,520 379,86,535,343,917,28,371,714,7901,3,120,193,30,1522,46,56,384,524,40,1,213,72,232,89,100,1597,41,96,886 040,14,15,132,51,33,722,36,68,46,55,363,25,177,89,2399,24,92,62,1127,152,93,151,Marseille,département des Bouches-du-Rhône,Mme Michèle RUBIROLA,la Métropole d'Aix-Marseille-Provence,région Provence-Alpes-Côte d'Azur,2.5,18%,19%,19%,18%,15%,8%,1%,14%,8%,29%,13%,7%,30%,19%,24%,68.03,64.65,41.6%,3 692 h/km²,20 600 €/an,2.6,2.2,2.8,2.0,2.8,66 740,240,9.9%,112 314,,88.56%,3.26%,56.78%,43.22%,3 137 €,5 095 €,535,2.5,2.6,2.2,2.8,2.0,2.8
33063,38 ans,5 615,1 493,33000,33063,272 180,274 427,161 852,40,446,192,331,20,74,119,5429,7,43,121,15,524,15,15,236,200,26,1,42,26,57,38,19,185,12,42,267 991,3,5,27,26,15,289,12,46,23,17,108,12,152,87,1167,7,30,12,239,78,45,40,Bordeaux,département de la Gironde,M. Pierre HURMIC,Bordeaux Métropole,région Nouvelle-Aquitaine,3.4,13%,29%,21%,16%,11%,6%,1%,27%,15%,22%,12%,6%,39%,14%,13%,76.51,71.14,50.7%,5 469 h/km²,24 870 €/an,3.6,3.1,3.6,3.0,3.5,3 233,49,9.1%,22 436,,87.3%,5.16%,67.87%,32.13%,4 557 €,5 511 €,446,3.4,3.6,3.1,3.6,3.0,3.5
44109,37 ans,4 847,1 364,44000,44109,336 008,339 284,196 999,44,536,221,353,8,50,150,2390,5,43,56,9,388,18,14,181,136,15,,46,34,70,41,34,120,9,23,327 734,18,6,25,16,16,228,11,48,20,19,81,5,52,21,654,13,45,17,203,41,26,46,Nantes,département de la Loire-Atlantique,Mme Johanna ROLLAND,Nantes Métropole,région Pays de la Loire,3.1,16%,28%,21%,15%,11%,6%,1%,24%,15%,23%,11%,7%,38%,15%,13%,75.5,71.16,50.2%,5 042 h/km²,24 170 €/an,3.5,3.2,3.5,2.1,3.3,2 905,65,10.1%,15 990,,89.54%,4.58%,63%,37%,3 736 €,4 808 €,536,3.1,3.5,3.2,3.5,2.1,3.3
67482,37 ans,4 788,735,67000,67482,299 124,301 251,140 550,28,283,166,186,16,49,164,2146,12,54,91,11,512,19,19,204,221,25,3,50,19,55,31,28,239,29,52,293 771,8,3,33,20,13,304,14,44,21,33,80,11,91,65,1032,13,37,15,230,56,59,47,Strasbourg,département du Bas-Rhin,Mme Jeanne BARSEGHIAN,Strasbourg Eurométropole,région Grand Est,3.4,17%,28%,20%,16%,12%,6%,1%,21%,12%,27%,12%,8%,33%,15%,20%,74.28,69.85,46.4%,3 766 h/km²,20 260 €/an,3.7,3.1,3.6,2.9,3.6,2 030,78,11.1%,13 837,,87.13%,4.81%,72.48%,27.52%,0 €,0 €,283,3.4,3.7,3.1,3.6,2.9,3.6
69123,37 ans,18 146,4 992,69001,69123,526 457,527 794,292 668,80,582,320,662,16,145,313,5079,4,44,170,26,940,25,26,410,283,33,4,64,50,98,68,53,328,25,56,519 127,7,6,49,42,23,436,26,72,25,35,160,18,164,84,2313,17,78,21,585,111,108,66,Lyon,département du Rhône,M. Grégory DOUCET,la Métropole de Lyon,région Auvergne-Rhône-Alpes,3.4,15%,29%,22%,16%,11%,6%,1%,30%,18%,24%,12%,5%,35%,15%,13%,81.95,75.8,52.3%,11 045 h/km²,25 430 €/an,3.8,2.9,3.7,3.0,3.8,13 422,47,8.5%,80 250,,86.66%,5.24%,66.26%,33.74%,4 759 €,6 840 €,582,3.4,3.8,2.9,3.7,3.0,3.8
59350,34 ans,5 212,1 376,59000,59350,239 419,240 109,127 228,31,295,161,434,9,71,117,3694,4,44,57,15,373,10,13,137,84,14,,40,20,50,24,25,155,17,25,238 246,16,4,20,13,12,177,12,35,7,12,77,12,37,56,892,4,17,12,240,77,17,35,Lille,département du Nord,Mme Martine AUBRY,la Métropole Européenne de Lille,région Hauts-de-France,3.4,15%,36%,21%,14%,9%,4%,1%,26%,15%,22%,12%,7%,38%,11%,19%,70.55,66.74,49.5%,7 007 h/km²,20 520 €/an,3.7,2.7,3.7,2.9,3.8,5 885,34,11.3%,18 095,,87.45%,3.49%,72.28%,27.72%,3 684 €,2 942 €,295,3.4,3.7,2.7,3.7,2.9,3.8
31555,36 ans,8 866,2 497,31000,31555,526 456,532 033,258 771,56,568,236,325,33,179,172,6017,3,53,111,16,715,20,25,307,375,43,1,90,34,102,46,45,393,19,51,514 819,14,7,50,24,21,423,22,51,30,47,162,16,130,56,1303,18,58,35,439,115,56,77,Toulouse,département de la Haute-Garonne,M. Jean-Luc MOUDENC,Toulouse Métropole,région Occitanie,3.1,14%,31%,21%,14%,10%,5%,1%,26%,15%,21%,12%,7%,38%,13%,13%,77.37,70.51,50.7%,4 363 h/km²,22 140 €/an,3.5,2.8,3.2,2.8,3.3,6 767,118,10.3%,27 650,,88.1%,3.82%,67.91%,32.09%,3 535 €,4 360 €,568,3.1,3.5,2.8,3.2,2.8,3.3
34172,37 ans,5 070,1 586,34000,34172,318 896,322 970,162 676,37,422,128,266,9,129,148,3025,,43,82,14,531,11,17,134,160,13,,44,21,71,26,48,255,21,48,310 240,17,5,32,12,12,228,20,24,9,28,101,10,79,29,859,25,35,19,355,41,41,72,Montpellier,département de l'Hérault,M. Michaël DELAFOSSE,Montpellier Méditerranée Métropole,région Occitanie,3.1,15%,30%,19%,14%,11%,6%,1%,21%,10%,22%,12%,6%,38%,14%,17%,72.45,65.5,45%,5 540 h/km²,19 670 €/an,3.5,3.1,3.6,2.2,3.3,3 021,56,12.5%,18 012,,88.34%,4.26%,69.03%,30.97%,3 347 €,4 101 €,422,3.1,3.5,3.1,3.6,2.2,3.3
06088,43 ans,6 241,1 288,06000,06088,355 114,356 581,220 899,55,245,186,387,1,171,277,3172,6,54,113,13,892,15,19,106,302,37,,60,30,89,41,46,641,25,58,357 737,7,5,48,25,13,333,18,44,23,36,153,14,105,50,1516,15,30,32,510,90,52,58,Nice,département des Alpes-Maritimes,M. Christian ESTROSI,la Métropole Nice Côte d'Azur,région Provence-Alpes-Côte d'Azur,3.2,15%,18%,17%,18%,17%,10%,2%,14%,8%,27%,14%,7%,31%,23%,21%,70.22,67.86,42.3%,5 039 h/km²,21 570 €/an,3.3,3.2,3.4,2.7,3.5,3 994,71,9.8%,14 881,,72.25%,13.73%,52.57%,47.43%,4 765 €,5 368 €,245,3.2,3.3,3.2,3.4,2.7,3.5
75056,40 ans,77 536,18 498,75001,75056,2 080 692,2 067 840,1 368 025,149,1003,1657,3019,268,880,1966,28563,8,243,591,239,4798,99,114,2393,1611,209,56,271,158,356,224,226,1214,124,383,2 103 778,54,19,164,116,93,1437,81,305,137,159,868,40,873,337,17485,104,203,58,3614,878,280,306,Paris,,Mme Anne HIDALGO,la Métropole du Grand Paris,région Île-de-France,3.2,14%,24%,22%,19%,15%,7%,1%,40%,27%,23%,10%,4%,37%,16%,12%,78.31,74.1,55.1%,20 036 h/km²,29 730 €/an,3.7,2.2,3.6,2.8,3.7,115 296,105,8.4%,324 977,,81.19%,9.63%,66.64%,33.36%,10 584 €,15 331 €,1003,3.2,3.7,2.2,3.6,2.8,3.7
76351,41 ans,2 984,403,,76351,163 662,162 861,104 058,14,100,80,162,9,42,132,1130,2,17,26,5,253,4,15,84,78,6,1,46,10,46,20,32,161,5,11,166 687,8,2,12,4,10,100,3,10,7,6,46,4,13,28,297,1,17,14,128,34,11,16,Le Havre,département de la Seine-Maritime,M. Edouard PHILIPPE,,région Normandie,3.3,18%,20%,18%,18%,16%,9%,1%,8%,5%,26%,14%,11%,32%,22%,26%,68.23,66.11,43.1%,3 547 h/km²,20 180 €/an,3.4,3.1,3.6,3.0,3.5,3 291,47,14%,5 095,,86.74%,2.38%,60.63%,39.37%,2 127 €,2 530 €,100,3.3,3.4,3.1,3.6,3.0,3.5
51454,38 ans,3 540,386,51100,51454,176 719,176 031,100 055,31,194,83,150,3,42,96,2245,2,12,25,6,272,7,11,84,86,4,,46,11,49,24,28,202,2,17,177 674,5,5,11,7,12,158,7,11,5,6,68,3,21,37,335,9,16,17,115,41,15,63,Reims,département de la Marne,M. Arnaud ROBINET,,région Grand Est,3.3,17%,28%,18%,17%,14%,6%,1%,13%,8%,24%,14%,10%,37%,17%,24%,67.17,66.08,46.4%,3 862 h/km²,20 210 €/an,3.4,3.1,3.3,3.1,3.5,1 375,46,11.8%,7 316,,87.28%,3.21%,72.81%,27.19%,2 619 €,2 976 €,194,3.3,3.4,3.1,3.3,3.1,3.5
21231,39 ans,2 452,394,21000,21231,162 954,163 780,85 774,21,171,111,133,8,31,88,1167,,27,54,8,254,7,12,72,80,19,,37,13,38,17,20,100,12,22,161 830,4,2,15,7,8,120,15,26,12,12,58,6,21,53,364,8,13,13,102,31,33,23,Dijon,département de la Côte-d'or,M. François REBSAMEN,Dijon Métropole,région Bourgogne-Franche-Comté,3.6,13%,29%,18%,16%,14%,7%,1%,16%,10%,20%,13%,8%,41%,19%,18%,76.59,71.09,46.9%,4 046 h/km²,22 720 €/an,3.9,3.4,3.7,3.3,3.7,2 018,40,9.4%,6 044,,89.2%,3.41%,60.42%,39.58%,2 617 €,3 314 €,171,3.6,3.9,3.4,3.7,3.3,3.7
69266,36 ans,2 766,757,69100,69266,164 998,166 776,88 484,13,51,45,83,3,38,66,1842,1,19,34,3,208,6,9,89,55,3,1,24,10,26,12,18,160,11,9,163 684,1,2,10,3,5,81,11,4,3,5,39,1,11,21,279,6,15,7,132,17,20,10,Villeurbanne,département du Rhône,M. Cédric VAN STYVENDAEL,la Métropole de Lyon,région Auvergne-Rhône-Alpes,3.0,16%,27%,20%,14%,10%,6%,1%,19%,11%,26%,13%,7%,34%,14%,18%,72.29,65.15,48.2%,11 692 h/km²,21 540 €/an,3.2,2.4,3.5,2.5,3.6,2 866,14,9.6%,8 938,,88.27%,3.47%,64.99%,35.01%,3 798 €,4 796 €,51,3.0,3.2,2.4,3.5,2.5,3.6
42218,40 ans,3 034,741,,42218,174 196,174 445,88 099,8,151,98,267,6,55,121,1005,,16,30,11,252,9,10,65,48,5,,23,21,46,27,32,243,7,14,173 136,3,3,9,14,7,137,9,8,11,7,51,9,20,45,389,4,19,12,164,42,26,14,Saint-Étienne,département de la Loire,M. Gaël PERDRIAU,Saint Etienne Métropole,région Auvergne-Rhône-Alpes,3.2,18%,23%,17%,16%,15%,9%,2%,10%,6%,26%,12%,10%,34%,22%,26%,71.69,65.54,42.2%,2 164 h/km²,19 010 €/an,3.2,3.4,3.4,2.5,3.4,2 338,80,13.3%,9 339,,85.35%,2.39%,60.36%,39.64%,1 250 €,2 013 €,151,3.2,3.2,3.4,3.4,2.5,3.4
38185,37 ans,3 407,938,38000,38185,155 254,154 798,86 589,12,234,105,267,8,58,100,1331,,21,24,12,303,6,9,93,87,11,1,18,10,37,13,18,123,10,4,156 140,,,13,7,10,103,3,25,2,6,60,4,62,33,720,12,18,6,199,28,30,21,Grenoble,département de l'Isère,M. Eric PIOLLE,Grenoble Alpes Métropole,région Auvergne-Rhône-Alpes,2.6,16%,31%,20%,15%,12%,7%,1%,25%,15%,22%,12%,6%,37%,16%,18%,73.93,67.89,48.8%,8 674 h/km²,22 140 €/an,3.1,2.4,3.2,1.6,2.7,1 981,18,9.6%,13 035,,83.07%,4.79%,63.21%,36.79%,2 645 €,3 420 €,234,2.6,3.1,2.4,3.2,1.6,2.7
49007,38 ans,1 978,214,49000,49007,160 732,161 664,92 523,20,207,110,174,7,28,86,1111,,10,40,3,201,11,11,96,75,17,,18,22,35,28,28,79,13,28,159 022,2,5,16,6,10,162,9,18,11,16,43,3,39,19,292,10,20,11,81,23,17,19,Angers,département de la Maine-et-Loire,M. Christophe BECHU,,région Pays de la Loire,3.6,15%,30%,16%,15%,13%,7%,2%,15%,9%,21%,13%,8%,40%,19%,19%,72.01,69.77,45.7%,3 786 h/km²,21 450 €/an,3.8,3.6,3.8,3.3,3.6,807,42,11.5%,6 060,,90.84%,2.93%,67.58%,32.42%,3 220 €,3 489 €,207,3.6,3.8,3.6,3.8,3.3,3.6
13001,41 ans,1 960,1 009,,13001,150 713,151 580,94 443,34,122,118,105,8,43,84,850,4,29,72,7,287,10,8,111,104,12,2,36,16,37,15,20,184,12,33,149 695,1,3,27,11,6,143,10,26,15,13,54,13,34,34,510,9,13,15,136,20,24,47,Aix-en-Provence,département des Bouches-du-Rhône,Mme Maryse JOISSAINS-MASINI,la Métropole d'Aix-Marseille-Provence,région Provence-Alpes-Côte d'Azur,3.5,13%,26%,18%,17%,14%,8%,1%,26%,14%,24%,12%,5%,34%,18%,14%,74.72,72.77,46.2%,805 h/km²,25 810 €/an,3.7,3.2,3.5,3.5,3.5,2 517,186,7.9%,6 475,,84.93%,6.12%,61.2%,38.8%,4 977 €,5 142 €,122,3.5,3.7,3.2,3.5,3.5,3.5
72181,41 ans,2 944,556,,72181,146 233,146 550,90 430,11,159,94,132,7,38,83,967,10,22,51,4,220,9,14,52,57,4,2,34,16,35,19,29,131,8,17,146 249,3,3,9,9,6,77,5,18,14,10,43,4,17,18,201,5,19,18,57,33,8,10,Le Mans,département de la Sarthe,M. Stéphane LE FOLL,,région Pays de la Loire,3.2,17%,21%,17%,17%,16%,9%,2%,11%,8%,24%,13%,9%,34%,24%,21%,70.12,68.8,43.8%,2 812 h/km²,21 180 €/an,3.2,3.2,3.5,2.6,3.3,1 283,52,12.2%,5 305,,87.33%,3.05%,54.6%,45.4%,1 765 €,2 441 €,159,3.2,3.2,3.2,3.5,2.6,3.3
30189,41 ans,2 642,617,30000,30189,149 171,149 052,90 232,21,147,73,105,8,62,85,674,3,31,60,9,330,9,10,42,96,10,,40,13,43,20,37,212,14,23,151 839,5,6,10,7,9,103,5,15,7,9,58,8,19,35,459,10,22,19,224,30,30,26,Nîmes,département du Gard,M. Jean-Paul FOURNIER,,région Occitanie,2.9,17%,20%,17%,17%,16%,9%,2%,10%,6%,26%,13%,7%,32%,21%,24%,69.46,65.49,39.3%,943 h/km²,18 760 €/an,3.1,2.9,3.0,2.1,3.1,1 403,161,12.8%,5 957,,85.6%,5.07%,60.88%,39.12%,2 032 €,2 539 €,147,2.9,3.1,2.9,3.0,2.1,3.1
93066,35 ans,3 023,194,,93066,150 755,151 816,47 382,8,62,44,100,4,47,86,1841,,41,15,2,174,4,11,65,18,,,40,3,45,12,14,115,5,1,149 077,2,1,11,2,7,44,1,3,3,1,27,2,,21,295,,5,2,187,12,6,4,Saint-Denis,département de la Seine-Saint-Denis,M. Mathieu HANOTIN,la Métropole du Grand Paris,région Île-de-France,2.2,17%,17%,18%,13%,8%,3%,0%,11%,5%,35%,12%,9%,25%,7%,36%,66.11,56.03,37%,12 423 h/km²,16 620 €/an,2.3,1.6,2.8,1.4,2.9,3 246,12,14.3%,6 925,,92.02%,1.7%,78.42%,21.58%,4 043 €,4 543 €,62,2.2,2.3,1.6,2.8,1.4,2.9
63113,38 ans,2 342,745,,63113,150 145,150 895,73 343,30,209,141,171,10,31,65,1446,4,34,31,11,263,5,8,57,84,9,,32,6,31,16,35,167,6,6,146 351,4,6,12,11,8,86,10,19,4,2,66,1,48,36,392,11,25,17,119,26,23,17,Clermont-Ferrand,département du Puy-de-Dôme,M. Olivier BIANCHI,Clermont Auvergne Métropole,région Auvergne-Rhône-Alpes,3.1,15%,31%,18%,16%,13%,7%,1%,16%,10%,21%,14%,9%,41%,18%,19%,72.64,67.18,46.6%,3 485 h/km²,20 430 €/an,3.6,2.9,3.3,2.6,2.9,2 041,42,10.8%,6 639,,87.91%,4.25%,68.97%,31.03%,2 210 €,2 553 €,209,3.1,3.6,2.9,3.3,2.6,2.9
66136,42 ans,2 675,576,66000,66136,119 758,119 668,68 277,21,143,67,96,4,45,65,723,2,31,29,3,285,5,8,70,69,2,1,28,10,29,10,9,268,11,19,121 616,6,5,10,7,5,96,1,25,5,3,53,14,19,37,339,1,16,15,183,31,20,29,Perpignan,département des Pyrénées-Orientales,M. Louis ALIOT,,région Occitanie,3.1,17%,18%,17%,17%,16%,10%,2%,9%,4%,23%,12%,8%,34%,22%,26%,69.26,66.89,36.6%,1 788 h/km²,17 380 €/an,3.1,3.2,3.4,2.6,3.2,1 212,68,14.7%,6 087,,80.04%,3.82%,59.44%,40.56%,1 542 €,2 219 €,143,3.1,3.1,3.2,3.4,2.6,3.2
37261,39 ans,2 586,491,37000,37261,139 432,139 780,82 336,,164,123,159,3,29,49,1287,,12,4,11,219,8,12,84,68,8,,24,10,34,21,26,71,,5,139 259,7,2,8,8,11,98,6,24,9,12,49,6,37,34,333,7,18,14,82,30,20,16,Tours,département de l'Indre-et-Loire,M. Emmanuel DENIS,Tours Métropole Val de Loire,région Centre-Val de Loire,3.5,14%,29%,18%,15%,13%,8%,2%,16%,10%,19%,14%,8%,42%,19%,18%,70.9,68.37,46.9%,4 096 h/km²,21 250 €/an,3.7,3.4,3.5,3.4,3.7,949,34,11.4%,6 836,,86.27%,3.59%,67.3%,32.7%,2 938 €,3 643 €,164,3.5,3.7,3.4,3.5,3.4,3.7
29019,39 ans,2 282,310,29200,29019,141 540,141 778,86 237,19,241,73,159,9,27,46,707,5,21,37,7,199,8,9,63,77,9,2,4,20,33,18,18,98,9,20,142 346,14,4,12,9,10,135,3,20,10,7,41,5,19,25,203,10,17,11,59,32,7,21,Brest,département du Finistère,M. François CUILLANDRE,Brest métropole,région Bretagne,3.4,14%,28%,18%,16%,13%,7%,1%,14%,9%,21%,14%,9%,40%,19%,15%,71.67,69.69,45.8%,2 905 h/km²,21 420 €/an,3.7,3.5,3.8,2.5,3.6,778,49,9.8%,5 357,,89.64%,3.62%,57.26%,42.74%,2 121 €,2 499 €,241,3.4,3.7,3.5,3.8,2.5,3.6
80021,37 ans,3 321,241,80000,80021,136 031,136 331,74 433,14,144,65,132,6,43,92,1163,3,23,53,3,192,8,9,61,43,7,1,30,13,45,11,29,89,12,15,136 449,5,2,16,13,12,151,14,24,7,14,48,8,19,31,223,10,16,10,64,37,10,16,Amiens,département de la Somme,Mme Brigitte FOURÉ,,région Hauts-de-France,3.5,16%,29%,18%,16%,12%,6%,1%,13%,8%,24%,13%,8%,35%,16%,24%,68.98,67.56,43.7%,2 785 h/km²,19 650 €/an,3.7,3.4,3.7,3.3,3.5,1 632,49,12.9%,7 160,,88.24%,2.68%,69.08%,30.92%,2 435 €,2 332 €,144,3.5,3.7,3.4,3.7,3.3,3.5
87085,41 ans,1 915,343,87000,87085,128 049,127 511,75 192,22,136,79,117,17,31,52,868,3,9,37,7,206,4,11,76,53,9,1,26,7,33,14,23,150,6,18,129 937,4,5,10,7,12,122,9,17,4,6,60,3,22,21,249,13,19,23,66,27,15,16,Limoges,département de la Haute-Vienne,M. Emile Roger LOMBERTIE,,région Nouvelle-Aquitaine,3.4,14%,25%,16%,17%,16%,9%,2%,11%,7%,19%,13%,9%,41%,24%,21%,74.7,70.05,43.3%,1 666 h/km²,20 590 €/an,3.5,3.6,3.4,3.3,3.4,1 376,78,11.2%,5 050,,88.37%,2.87%,60.62%,39.38%,1 616 €,1 847 €,136,3.4,3.5,3.6,3.4,3.3,3.4
92012,40 ans,946,260,,92012,121 253,121 486,72 832,9,55,58,53,2,30,59,585,1,11,31,4,143,6,4,138,81,11,5,12,8,14,8,13,50,5,18,119 019,2,1,8,5,3,105,4,8,5,22,34,2,17,12,379,4,17,3,99,27,7,14,Boulogne-Billancourt,département des Hauts-de-Seine,M. Pierre-Christophe BAGUET,la Métropole du Grand Paris,région Île-de-France,3.8,17%,20%,24%,19%,13%,7%,1%,41%,28%,31%,9%,3%,31%,16%,10%,81.19,77.59,54.6%,19 837 h/km²,35 040 €/an,3.7,3.4,4.1,3.6,4.0,702,6,7%,4 648,,87.72%,5.64%,55.91%,44.09%,8 835 €,15 870 €,55,3.8,3.7,3.4,4.1,3.6,4.0
57463,39 ans,2 140,403,57000,57463,123 010,123 629,70 385,3,150,72,191,8,26,72,812,,15,32,7,242,3,11,72,106,7,,25,4,34,27,24,154,1,6,122 572,3,5,12,6,9,89,3,14,4,10,41,9,19,32,374,7,14,15,114,36,28,13,Metz,département de la Moselle,M. François GROSDIDIER,Metz Métropole,région Grand Est,3.6,15%,25%,19%,17%,15%,7%,1%,15%,9%,24%,14%,9%,36%,18%,21%,66.04,64.15,46.7%,2 990 h/km²,20 940 €/an,3.7,3.6,3.7,3.2,3.7,1 022,41,10.5%,4 924,,85.99%,2.45%,66.82%,33.18%,0 €,0 €,150,3.6,3.7,3.6,3.7,3.2,3.7
74010,41 ans,1 526,492,74000,74010,134 918,135 840,84 914,8,194,119,110,14,42,57,777,,15,17,3,247,11,7,82,86,15,,10,15,30,14,24,164,7,15,132 117,4,4,12,4,6,125,5,10,2,8,44,2,17,26,390,12,18,18,74,19,21,34,Annecy,département de la Haute-Savoie,M. François ASTORG,,région Auvergne-Rhône-Alpes,3.2,16%,19%,20%,18%,15%,9%,2%,16%,10%,28%,13%,9%,30%,22%,17%,76.36,72.95,50%,2 002 h/km²,26 250 €/an,3.3,3.2,3.7,2.8,3.0,1 320,66,7.2%,4 845,,86.83%,6.17%,50.03%,49.97%,5 164 €,6 826 €,194,3.2,3.3,3.2,3.7,2.8,3.0
25056,39 ans,2 342,229,25000,25056,120 073,120 447,66 581,20,137,78,89,11,37,81,639,,25,42,3,182,5,8,55,60,9,,32,7,31,14,24,87,8,22,118 489,4,2,10,11,8,113,3,10,8,11,44,5,24,29,279,7,13,11,95,17,19,7,Besançon,département du Doubs,Mme Anne VIGNOT,,région Bourgogne-Franche-Comté,3.4,15%,29%,17%,16%,14%,7%,1%,14%,9%,21%,13%,9%,40%,19%,20%,73.38,67.68,45.4%,1 823 h/km²,20 680 €/an,3.7,3.6,3.6,2.6,3.4,1 647,65,10.2%,3 566,,87.49%,2.47%,64.93%,35.07%,2 159 €,2 399 €,137,3.4,3.7,3.6,3.6,2.6,3.4
45234,38 ans,2 238,253,45000,45234,117 355,117 564,64 341,1,123,82,101,14,21,45,905,,8,10,5,165,6,7,62,55,8,1,28,11,31,13,19,83,4,10,116 357,4,4,7,7,6,59,2,9,5,8,25,2,12,9,204,5,13,7,75,24,13,15,Orléans,département du Loiret,M. Serge GROUARD,Orléans Métropole,région Centre-Val de Loire,2.8,18%,26%,19%,17%,13%,6%,1%,17%,10%,25%,13%,10%,35%,17%,20%,71.21,68.56,48.4%,4 310 h/km²,21 370 €/an,3.1,2.8,2.8,2.5,2.9,1 346,27,11.2%,3 849,,86.94%,3.12%,64.31%,35.69%,2 593 €,2 719 €,123,2.8,3.1,2.8,2.8,2.5,2.9
76540,37 ans,3 178,327,76000,76540,118 193,119 038,59 588,26,185,78,236,5,37,95,950,1,23,59,7,270,7,7,78,62,8,,24,10,26,16,17,85,15,18,117 662,2,3,11,6,7,91,12,29,17,10,36,7,22,31,457,8,16,8,121,35,3,27,Rouen,département de la Seine-Maritime,M. Nicolas MAYER-ROSSIGNOL,la Métropole Rouen Normandie,région Normandie,3.2,13%,33%,18%,14%,11%,6%,1%,19%,12%,18%,12%,7%,44%,15%,18%,73.36,70.44,47.5%,5 603 h/km²,21 330 €/an,3.6,2.6,3.4,3.0,3.4,2 637,21,11.1%,8 816,,87.44%,2.64%,72.11%,27.89%,2 724 €,2 831 €,185,3.2,3.6,2.6,3.4,3.0,3.4
93048,37 ans,1 910,451,93100,93048,114 137,114 829,60 784,,77,31,77,5,47,83,1465,,4,,1,118,3,10,89,18,1,1,26,3,25,7,20,133,1,,111 934,1,2,6,5,5,36,,4,,3,28,1,2,12,307,1,6,6,142,23,12,9,Montreuil,département de la Seine-Saint-Denis,M. Patrice BESSAC,la Métropole du Grand Paris,région Île-de-France,2.7,20%,19%,24%,19%,13%,4%,1%,21%,15%,33%,14%,8%,27%,13%,23%,74.19,65.95,51.9%,13 992 h/km²,21 150 €/an,2.6,2.2,3.2,2.4,3.1,1 233,8,12.5%,4 878,,92.69%,1.82%,64.22%,35.78%,6 099 €,7 390 €,77,2.7,2.6,2.2,3.2,2.4,3.1
95018,36 ans,1 957,335,95100,95018,106 356,105 945,52 609,,99,21,45,,41,68,1508,,6,4,,147,4,9,56,7,3,,28,4,29,7,7,215,2,8,106 130,2,1,5,4,4,30,2,4,2,1,29,1,3,7,146,1,6,11,101,12,5,3,Argenteuil,département du Val-d'oise,M. Georges MOTHRON,la Métropole du Grand Paris,région Île-de-France,2.0,23%,20%,23%,19%,12%,5%,1%,11%,8%,42%,15%,10%,21%,13%,26%,70.22,61.76,48.3%,6 243 h/km²,19 350 €/an,1.8,1.8,2.5,1.5,2.3,2 643,17,11.1%,4 453,,92.33%,0.86%,55.48%,44.52%,3 237 €,4 551 €,99,2.0,1.8,1.8,2.5,1.5,2.3
68224,38 ans,2 831,268,68100,68224,103 741,103 062,49 451,10,95,50,107,10,42,66,798,,32,41,4,242,3,7,30,54,5,,27,5,23,21,19,136,6,20,104 978,7,4,10,5,8,88,4,12,5,3,36,4,14,23,262,7,9,10,112,32,26,9,Mulhouse,département du Haut-Rhin,Mme Michèle LUTZ,,région Grand Est,3.2,21%,21%,20%,19%,14%,7%,1%,9%,5%,31%,13%,14%,31%,17%,33%,66.29,61.87,42.9%,4 772 h/km²,16 620 €/an,3.3,3.1,3.5,2.7,3.4,1 388,22,16.4%,4 007,,82.14%,1.87%,66.4%,33.6%,0 €,0 €,95,3.2,3.3,3.1,3.5,2.7,3.4
14118,39 ans,1 894,266,14000,14118,109 262,109 632,58 443,2,139,88,166,6,37,86,1101,,31,48,4,198,5,9,56,55,12,1,3,8,27,18,17,68,10,13,109 400,4,4,9,13,8,85,9,14,9,10,37,2,16,21,314,5,11,8,79,34,9,19,Caen,département du Calvados,M. Joël BRUNEAU,,région Normandie,3.7,12%,32%,16%,14%,13%,8%,2%,18%,10%,17%,13%,7%,44%,19%,19%,76.15,74.34,44.2%,4 376 h/km²,21 600 €/an,3.8,3.6,3.7,3.6,3.8,1 093,25,10.2%,4 244,,87.66%,3.58%,70.39%,29.61%,2 876 €,3 535 €,139,3.7,3.8,3.6,3.7,3.6,3.8
54395,37 ans,2 143,276,54100,54395,104 014,103 938,53 441,18,130,61,128,16,20,51,674,2,15,35,7,218,6,7,47,84,11,,21,10,21,14,11,76,13,14,103 671,7,4,7,11,7,76,5,15,5,7,42,5,32,41,377,3,12,7,79,29,16,10,Nancy,département de la Meurthe-et-Moselle,M. Mathieu KLEIN,la Métropole du Grand Nancy,région Grand Est,3.4,13%,37%,18%,15%,12%,6%,1%,22%,13%,17%,12%,6%,44%,15%,15%,73.75,71.32,47.7%,6 911 h/km²,22 360 €/an,3.8,3.2,3.5,3.2,3.4,884,15,10.1%,5 082,,83.83%,4.7%,72.5%,27.5%,2 300 €,2 741 €,130,3.4,3.8,3.2,3.5,3.2,3.4
92050,36 ans,1 361,170,92000,92050,99 264,99 786,50 539,,113,37,24,3,21,57,1274,,1,1,6,86,1,8,73,29,3,1,20,3,25,8,8,105,1,3,97 783,6,1,5,1,3,29,,4,5,,27,1,,4,164,1,7,8,43,16,7,8,Nanterre,département des Hauts-de-Seine,M. Patrick JARRY,la Métropole du Grand Paris,région Île-de-France,2.9,20%,22%,22%,18%,11%,4%,1%,21%,14%,37%,16%,7%,25%,12%,22%,73.37,63.89,51%,8 149 h/km²,21 620 €/an,2.8,2.7,3.5,2.5,3.3,1 218,12,10.2%,4 073,,92.66%,2.28%,71.69%,28.31%,6 939 €,7 013 €,113,2.9,2.8,2.7,3.5,2.5,3.3
59599,36 ans,2 060,308,59200,59599,100 350,100 724,62 893,4,50,18,52,2,49,42,623,,7,14,2,134,6,4,42,39,3,,22,17,24,9,12,103,2,1,98 772,3,1,5,4,5,60,1,6,,2,31,,1,14,89,1,6,4,78,24,2,8,Tourcoing,département du Nord,Mme Doriane BECUE,la Métropole Européenne de Lille,région Hauts-de-France,3.0,23%,21%,21%,17%,12%,5%,1%,7%,5%,38%,14%,14%,23%,14%,27%,61.63,58.59,45.8%,6 585 h/km²,18 300 €/an,3.2,2.7,3.2,2.6,3.5,886,15,14.1%,3 862,,90.34%,0.52%,52.5%,47.5%,1 551 €,1 929 €,50,3.0,3.2,2.7,3.2,2.6,3.5
94081,37 ans,1 278,297,,94081,96 832,97 248,45 843,6,101,17,34,2,25,33,1186,,4,9,2,89,1,8,45,20,1,,21,,21,5,10,75,3,10,93 963,,2,8,1,3,46,1,2,2,6,25,3,2,7,132,1,5,3,95,41,4,7,Vitry-sur-Seine,département du Val-de-Marne,M. Pierre BELL-LLOCH,la Métropole du Grand Paris,région Île-de-France,2.2,21%,21%,21%,20%,13%,6%,1%,12%,8%,38%,16%,10%,21%,14%,29%,69.11,61.19,48.9%,8 542 h/km²,19 490 €/an,2.4,1.6,3.0,1.6,2.3,1 149,11,10.7%,3 578,,93.14%,1.54%,62.76%,37.24%,4 158 €,6 042 €,101,2.2,2.4,1.6,3.0,1.6,2.3
94028,37 ans,1 447,214,94000,94028,94 308,94 677,46 556,1,59,28,13,5,21,33,1103,,1,10,4,83,3,8,54,39,1,,20,3,24,7,17,46,2,5,93 397,4,1,6,3,4,46,2,1,3,6,23,1,3,21,124,3,8,8,51,18,11,19,Créteil,département du Val-de-Marne,M. Laurent CATHALA,la Métropole du Grand Paris,région Île-de-France,3.5,20%,21%,21%,18%,13%,5%,1%,15%,10%,36%,17%,7%,25%,14%,20%,73.31,65.7,49%,8 491 h/km²,21 270 €/an,3.3,3.4,4.1,2.6,4.0,979,11,10.1%,3 928,,95.3%,0.88%,65.54%,34.46%,3 281 €,5 987 €,59,3.5,3.3,3.4,4.1,2.6,4.0
59512,34 ans,2 583,438,59100,59512,100 218,100 609,47 641,,37,30,54,3,58,68,1027,,6,9,2,126,6,7,42,36,2,,15,11,33,11,12,142,5,,98 286,7,1,5,5,8,62,1,6,1,2,29,,7,9,157,2,6,3,168,12,1,5,Roubaix,département du Nord,M. Guillaume DELBAR,la Métropole Européenne de Lille,région Hauts-de-France,2.7,26%,23%,18%,17%,10%,5%,1%,6%,3%,39%,12%,12%,25%,12%,37%,59.01,51.79,38%,7 560 h/km²,14 580 €/an,3.2,2.2,2.9,2.1,3.3,2 098,13,16.9%,4 784,,88.93%,0.72%,66.64%,33.36%,1 994 €,1 505 €,37,2.7,3.2,2.2,2.9,2.1,3.3
92004,37 ans,1 004,142,,92004,93 065,93 834,48 963,2,40,32,33,1,31,65,747,,3,2,4,138,4,4,81,37,3,1,18,4,17,11,8,53,2,3,93 941,,,6,1,2,30,,2,1,5,20,,2,16,173,1,8,3,78,24,4,7,Asnières-sur-Seine,département des Hauts-de-Seine,M. Manuel AESCHLIMANN,la Métropole du Grand Paris,région Île-de-France,3.3,19%,19%,24%,16%,10%,5%,1%,31%,20%,36%,11%,5%,27%,12%,15%,80.13,74.82,51.9%,23 485 h/km²,28 370 €/an,3.4,2.8,3.6,3.3,3.7,962,4,7.9%,2 954,,86.81%,3.49%,57.76%,42.24%,6 571 €,9 066 €,40,3.3,3.4,2.8,3.6,3.3,3.7
92025,37 ans,889,310,92700,92025,91 785,92 520,48 884,,91,21,25,,24,53,898,,4,,1,93,1,6,59,23,2,1,17,2,21,8,12,63,3,3,91 053,2,3,4,1,3,25,,1,2,1,18,,1,10,137,,9,6,59,18,4,11,Colombes,département des Hauts-de-Seine,M. Patrick CHAIMOVITCH,la Métropole du Grand Paris,région Île-de-France,3.1,20%,19%,21%,18%,11%,5%,1%,22%,15%,40%,13%,6%,23%,13%,19%,76.77,69.9,49.5%,13 008 h/km²,25 100 €/an,3.1,2.8,3.3,2.7,3.4,995,7,9.1%,2 824,,92.23%,1.7%,54.68%,45.32%,5 348 €,8 089 €,91,3.1,3.1,2.8,3.3,2.7,3.4
84007,40 ans,2 043,627,84000,84007,90 946,90 840,55 743,15,225,54,89,6,38,76,905,,11,28,7,170,5,8,51,43,3,,25,7,30,8,20,192,2,12,92 188,1,4,8,9,6,60,4,9,4,3,35,6,15,14,324,3,8,14,114,19,21,11,Avignon,département du Vaucluse,Mme Cécile HELLE,,région Provence-Alpes-Côte d'Azur,2.3,19%,20%,18%,17%,15%,8%,1%,11%,6%,28%,12%,10%,33%,19%,26%,69.02,64.62,40.7%,1 440 h/km²,17 690 €/an,2.7,2.1,2.9,1.6,2.4,1 939,64,14.4%,5 310,,79.62%,4.67%,64.74%,35.26%,2 393 €,2 779 €,225,2.3,2.7,2.1,2.9,1.6,2.4
86194,37 ans,1 492,389,86000,86194,90 899,91 204,44 890,11,92,68,80,9,16,35,581,1,16,26,3,110,4,7,33,38,3,,21,6,21,12,13,75,8,10,89 916,3,3,6,5,9,76,5,7,5,9,31,4,9,22,140,2,9,10,47,18,13,11,Poitiers,département de la Vienne,,,région Nouvelle-Aquitaine,3.4,14%,36%,17%,14%,12%,7%,1%,16%,9%,17%,14%,7%,45%,16%,17%,74.15,68.92,44.2%,2 141 h/km²,20 150 €/an,3.8,3.3,3.4,3.2,3.2,738,42,10.4%,3 822,,89.19%,2.99%,69.96%,30.04%,2 518 €,2 036 €,92,3.4,3.8,3.3,3.4,3.2,3.2
93001,35 ans,1 933,422,93300,93001,92 678,93 546,30 461,,44,14,94,1,60,62,3891,,5,2,1,131,3,7,55,14,,,16,4,19,5,8,131,1,3,88 365,,1,3,1,4,31,,1,,2,16,,,5,231,,1,5,186,8,3,3,Aubervilliers,département de la Seine-Saint-Denis,Mme Karine FRANCLET,la Métropole du Grand Paris,région Île-de-France,2.2,23%,22%,24%,19%,10%,3%,0%,9%,5%,37%,17%,14%,21%,9%,38%,63.46,54.09,48.9%,17 673 h/km²,15 330 €/an,2.2,1.2,3.0,1.9,2.8,1 305,5,13.2%,5 178,,93.35%,0.76%,77.56%,22.44%,3 780 €,4 529 €,44,2.2,2.2,1.2,3.0,1.9,2.8
59183,42 ans,1 660,220,59140,59183,85 406,85 110,61 444,4,70,39,103,1,38,41,441,,6,8,2,167,3,8,27,48,3,,22,7,26,13,19,61,3,3,86 263,2,,7,5,7,58,2,3,3,3,38,,6,17,165,,5,6,36,20,5,9,Dunkerque,département du Nord,M. Patrice VERGRIETE,,région Hauts-de-France,3.3,17%,18%,17%,20%,19%,8%,1%,7%,5%,28%,14%,12%,29%,24%,26%,69.63,70.47,43.8%,2 006 h/km²,20 240 €/an,3.4,2.7,3.6,3.2,3.5,582,43,13.9%,2 634,,89.6%,3.16%,54.54%,45.46%,1 842 €,1 955 €,70,3.3,3.4,2.7,3.6,3.2,3.5
78646,40 ans,871,216,78000,78646,83 130,82 873,58 169,7,57,53,51,2,25,42,700,,10,16,4,91,6,5,54,35,4,,15,12,18,6,10,35,4,17,84 095,3,,8,6,5,38,3,11,4,7,25,1,11,24,263,1,9,6,64,17,7,16,Versailles,département des Yvelines,M. François DE MAZIÈRES,,région Île-de-France,3.9,18%,20%,19%,19%,12%,9%,2%,40%,23%,34%,10%,3%,27%,17%,9%,80.22,75.96,47.7%,3 234 h/km²,33 780 €/an,4.1,4.0,3.7,3.8,3.9,704,26,5.8%,2 211,,87.55%,4.61%,56.55%,43.45%,6 723 €,8 840 €,57,3.9,4.1,4.0,3.7,3.8,3.9
93005,36 ans,1 580,253,,93005,88 657,89 126,44 373,7,52,21,34,1,25,49,696,,12,12,1,75,3,7,28,18,,,24,4,30,5,12,108,2,,87 599,2,1,5,2,3,33,1,8,2,2,21,1,5,10,102,1,4,6,58,12,3,5,Aulnay-sous-Bois,département de la Seine-Saint-Denis,M. Bruno BESCHIZZA,la Métropole du Grand Paris,région Île-de-France,2.4,23%,20%,20%,18%,12%,5%,1%,8%,6%,45%,15%,11%,17%,13%,32%,68.56,58.48,44.1%,5 475 h/km²,18 710 €/an,2.4,2.1,2.8,1.9,2.7,1 745,16,12.4%,3 630,,94.77%,0.83%,55.29%,44.71%,3 262 €,4 015 €,52,2.4,2.4,2.1,2.8,1.9,2.7
92026,39 ans,803,188,92400,92026,81 368,81 218,52 492,2,75,67,26,2,21,42,410,,4,4,3,78,3,5,53,65,4,3,18,3,17,6,3,47,3,6,82 902,1,1,5,1,4,37,,6,6,7,23,2,6,8,204,2,4,7,43,20,9,9,Courbevoie,département des Hauts-de-Seine,,la Métropole du Grand Paris,région Île-de-France,3.3,17%,20%,24%,19%,12%,6%,1%,37%,26%,32%,10%,3%,30%,15%,10%,77.68,73.71,54.6%,20 726 h/km²,32 080 €/an,3.3,3.1,3.4,3.3,3.7,653,4,7.2%,2 692,,82%,9.46%,57.15%,42.85%,7 283 €,10 065 €,75,3.3,3.3,3.1,3.4,3.3,3.7
92063,40 ans,765,386,,92063,80 972,81 263,55 143,1,98,27,18,1,12,42,405,,6,8,3,72,5,6,38,44,1,,8,5,15,9,6,32,5,6,82 874,1,1,5,4,2,40,3,12,3,3,23,1,6,3,144,1,8,4,41,11,4,15,Rueil-Malmaison,département des Hauts-de-Seine,M. Patrick OLLIER,la Métropole du Grand Paris,région Île-de-France,3.3,19%,16%,19%,20%,13%,7%,1%,32%,21%,39%,9%,3%,24%,16%,11%,79.01,75.31,48%,5 920 h/km²,32 980 €/an,3.6,3.2,3.5,3.0,3.2,282,14,7.1%,2 596,,91.78%,1.85%,48.56%,51.44%,6 016 €,8 119 €,98,3.3,3.6,3.2,3.5,3.0,3.2
34032,42 ans,1 642,335,34500,34032,82 630,83 301,46 469,6,119,31,70,1,58,45,400,3,16,9,2,201,4,6,29,49,2,,16,8,21,10,17,179,8,10,81 545,8,4,9,6,3,52,3,5,3,7,36,4,9,18,203,6,11,12,75,11,25,28,Béziers,département de l'Hérault,M. Robert MÉNARD,,région Occitanie,3.2,18%,17%,16%,18%,17%,10%,2%,7%,3%,26%,12%,9%,30%,23%,28%,71,68.59,36%,858 h/km²,16 830 €/an,3.0,3.3,3.4,2.9,3.5,868,95,13.7%,3 271,,79.22%,4.59%,58.05%,41.95%,1 438 €,2 115 €,119,3.2,3.0,3.3,3.4,2.9,3.5
33281,40 ans,829,411,33700,33281,79 413,80 433,47 491,8,39,48,15,3,12,29,379,,9,29,1,106,,4,53,54,6,,13,1,15,9,10,104,,3,78 090,,2,8,,2,83,3,7,3,9,26,,12,24,130,5,12,9,24,16,9,15,Mérignac,département de la Gironde,M. Alain ANZIANI,Bordeaux Métropole,région Nouvelle-Aquitaine,3.2,15%,20%,20%,18%,14%,7%,1%,16%,12%,27%,14%,7%,30%,18%,14%,79.36,75.53,50.8%,1 627 h/km²,24 770 €/an,3.5,2.9,3.4,3.1,3.4,224,48,8.7%,2 701,,91.92%,4.47%,52.2%,47.8%,3 585 €,4 155 €,39,3.2,3.5,2.9,3.4,3.1,3.4
17300,43 ans,1 405,312,,17300,80 821,81 397,55 101,11,152,53,124,9,24,67,421,,16,19,5,138,1,6,27,52,10,,15,3,22,10,17,56,4,16,79 851,11,1,8,3,8,100,6,13,2,9,29,5,11,19,278,4,14,5,56,12,14,7,La Rochelle,département de la Charente-Maritime,M. Jean-François FOUNTAINE,,région Nouvelle-Aquitaine,3.2,12%,23%,15%,17%,17%,10%,1%,14%,8%,18%,13%,7%,40%,25%,17%,73.02,69.34,42.1%,2 852 h/km²,22 200 €/an,3.4,3.2,3.4,3.3,2.9,917,28,11.4%,3 650,,80.48%,12.84%,63.02%,36.98%,4 895 €,4 671 €,152,3.2,3.4,3.2,3.4,3.3,2.9
64445,43 ans,1 436,178,64000,64445,78 477,78 661,46 829,17,93,64,106,4,38,38,688,,19,27,4,175,7,4,34,53,7,,7,9,18,12,15,64,4,12,80 441,1,1,10,8,4,58,10,17,10,9,34,6,13,17,223,4,9,8,76,17,15,15,Pau,département des Pyrénées-Atlantiques,M. François BAYROU,,région Nouvelle-Aquitaine,3.5,12%,23%,16%,16%,15%,10%,2%,15%,8%,18%,13%,8%,44%,22%,19%,74.21,70.3,42%,2 595 h/km²,20 970 €/an,3.5,3.7,3.5,3.5,3.3,534,31,11.8%,2 976,,80.58%,2.96%,61.11%,38.89%,2 053 €,2 553 €,93,3.5,3.5,3.7,3.5,3.5,3.3
50129,43 ans,879,112,,50129,76 734,76 379,56 221,3,68,40,88,2,21,52,323,,5,11,4,95,2,8,21,30,2,,9,11,29,16,16,63,1,4,78 258,1,5,5,3,6,33,1,7,3,1,25,3,3,4,92,2,5,11,28,13,11,5,Cherbourg-en-Cotentin,département de la Manche,M. Benoît ARRIVÉ,,région Normandie,3.4,15%,19%,17%,21%,18%,9%,1%,9%,7%,26%,14%,10%,31%,24%,19%,70.13,69.62,47%,1 151 h/km²,22 650 €/an,3.4,3.5,3.4,3.7,3.2,343,68,8.7%,1 850,,89.5%,3.74%,56.37%,43.63%,1 972 €,2 147 €,68,3.4,3.4,3.5,3.4,3.7,3.2
06004,46 ans,1 007,242,06600,06004,76 424,76 676,54 402,6,76,37,80,1,48,55,435,1,11,19,2,204,3,5,23,44,4,,14,7,14,12,7,153,5,9,77 637,3,1,9,2,4,62,2,9,5,4,33,2,8,18,379,4,8,13,96,19,19,24,Antibes,département des Alpes-Maritimes,M. Jean LEONETTI,,région Provence-Alpes-Côte d'Azur,3.4,14%,14%,18%,19%,18%,12%,2%,17%,11%,25%,13%,6%,30%,27%,19%,73.91,72.98,43.8%,2 986 h/km²,24 410 €/an,3.4,3.2,3.5,3.4,3.4,507,26,9.3%,3 544,,59.14%,35.71%,45.47%,54.53%,5 151 €,7 333 €,76,3.4,3.4,3.2,3.5,3.4,3.4
94017,38 ans,1 100,157,,94017,78 488,78 661,42 977,6,48,18,38,2,22,44,896,1,10,25,1,99,1,6,38,22,1,,19,2,17,5,9,90,4,9,78 072,4,1,5,,4,41,3,2,3,3,22,2,4,28,90,,3,4,70,15,7,7,Champigny-sur-Marne,département du Val-de-Marne,M. Laurent JEANNE,la Métropole du Grand Paris,région Île-de-France,3.1,21%,20%,20%,20%,13%,5%,1%,11%,8%,40%,15%,9%,21%,14%,26%,70.17,62.68,48%,7 097 h/km²,21 260 €/an,3.0,2.8,3.6,2.6,3.3,817,11,9.8%,2 181,,93.57%,1.01%,54.76%,45.24%,3 688 €,5 251 €,48,3.1,3.0,2.8,3.6,2.6,3.3
2A004,43 ans,662,32,20000,2A004,77 540,78 437,36 641,5,22,35,85,3,32,60,102,,8,15,5,151,2,4,27,37,4,,11,4,14,5,17,123,1,6,76 320,3,3,3,2,4,47,1,3,4,1,31,,11,10,310,3,6,17,44,7,22,18,Ajaccio,département de la Corse-du-sud,M. Laurent MARCANGELI,,région Corse,3.5,16%,13%,19%,18%,16%,10%,1%,7%,5%,35%,16%,8%,17%,21%,20%,61.65,59.51,43.2%,931 h/km²,23 320 €/an,3.2,3.5,3.5,4.2,3.2,487,82,6.3%,1 527,,87.52%,9.21%,54.1%,45.9%,3 951 €,4 752 €,22,3.5,3.2,3.5,3.5,4.2,3.2
94068,43 ans,738,295,,94068,76 046,76 160,50 466,4,70,38,39,4,21,58,318,,8,16,1,117,4,5,47,31,3,2,11,6,12,8,14,57,3,9,76 572,4,,9,2,5,54,3,12,6,7,23,2,8,19,172,8,7,5,65,15,2,19,Saint-Maur-des-Fossés,département du Val-de-Marne,M. Sylvain BERRIOS,la Métropole du Grand Paris,région Île-de-France,4.0,15%,17%,18%,21%,16%,9%,2%,27%,19%,34%,9%,3%,26%,21%,12%,80.75,76.63,48.5%,6 961 h/km²,32 730 €/an,4.2,3.8,3.9,4.0,3.9,813,11,6%,2 378,,91.47%,1.69%,37.12%,62.88%,5 836 €,7 828 €,70,4.0,4.2,3.8,3.9,4.0,3.9
06029,47 ans,1 636,408,06400,06029,73 688,73 661,50 911,6,89,49,138,3,43,67,547,,16,28,8,276,3,4,30,66,7,,9,5,18,13,8,145,5,10,74 350,3,1,11,7,5,77,2,12,9,3,36,2,9,25,576,2,5,11,122,20,13,13,Cannes,département des Alpes-Maritimes,M. David LISNARD,,région Provence-Alpes-Côte d'Azur,3.2,14%,14%,16%,19%,18%,14%,3%,10%,5%,23%,15%,7%,33%,29%,24%,70.49,68.7,40.4%,3 913 h/km²,21 210 €/an,3.3,3.2,3.3,3.0,3.3,1 079,19,11.7%,4 502,,51.25%,46.63%,53.73%,46.27%,6 389 €,7 154 €,89,3.2,3.3,3.2,3.3,3.0,3.3
44184,43 ans,1 154,338,,44184,74 731,75 266,51 330,6,85,28,64,1,15,35,367,,9,17,3,101,3,4,31,18,2,,6,8,20,13,17,48,2,7,74 568,10,2,6,6,4,64,2,7,6,3,24,4,4,3,137,1,7,7,39,8,11,16,Saint-Nazaire,département de la Loire-Atlantique,M. David SAMZUN,,région Pays de la Loire,3.0,16%,17%,16%,19%,18%,9%,2%,9%,6%,24%,12%,11%,31%,25%,18%,71.31,69.32,42%,1 621 h/km²,21 900 €/an,3.1,3.0,3.2,2.3,3.3,829,46,10.7%,3 372,,85.2%,6.62%,51.57%,48.43%,2 879 €,3 011 €,85,3.0,3.1,3.0,3.2,2.3,3.3
93029,37 ans,1 220,197,93700,93029,73 013,73 309,34 925,,58,13,45,4,19,41,850,,1,3,,124,1,6,20,13,,,16,1,20,5,4,99,2,1,72 390,,2,4,1,2,37,,1,,,20,,3,9,80,1,2,3,76,8,2,3,Drancy,département de la Seine-Saint-Denis,Mme Aude LAGARDE,la Métropole du Grand Paris,région Île-de-France,2.7,22%,20%,21%,18%,12%,5%,1%,6%,4%,41%,16%,11%,20%,13%,37%,67.1,60.1,46.2%,10 341 h/km²,18 660 €/an,2.6,2.2,3.1,2.6,2.8,862,7,14.1%,2 340,,91.92%,1.08%,57.26%,42.74%,3 329 €,4 309 €,58,2.7,2.6,2.2,3.1,2.6,2.8
93051,37 ans,1 016,198,,93051,73 826,74 637,38 303,,75,27,17,1,17,21,450,,3,1,2,65,1,6,38,30,1,,22,2,22,5,7,58,,2,72 978,,1,3,2,3,21,,1,,3,17,,2,,99,1,7,7,37,10,4,6,Noisy-le-Grand,département de la Seine-Saint-Denis,Mme Brigitte MARSIGNY,la Métropole du Grand Paris,région Île-de-France,3.7,20%,19%,21%,17%,12%,4%,1%,16%,11%,37%,14%,7%,22%,13%,20%,75.54,69.05,48.7%,5 614 h/km²,23 490 €/an,3.9,3.4,4.2,3.3,3.8,856,13,9.8%,2 181,,93.09%,1.5%,50.96%,49.04%,4 268 €,5 032 €,75,3.7,3.9,3.4,4.2,3.3,3.8
95127,32 ans,1 140,243,95000,95127,72 123,73 000,32 343,,78,34,19,2,13,27,1024,,1,,1,68,1,6,44,27,1,,25,1,26,4,5,50,,2,70 906,1,1,5,,3,21,,1,2,2,15,,5,2,96,1,5,4,47,7,1,3,Cergy,département du Val-d'oise,M. Jean-Paul JEANDON,,région Île-de-France,3.1,22%,25%,22%,14%,9%,2%,0%,15%,9%,38%,15%,8%,23%,8%,19%,69.94,62.36,46.3%,6 446 h/km²,20 270 €/an,3.2,3.1,3.7,2.3,3.5,1 083,11,10.8%,2 128,,89.57%,2.68%,67.68%,32.32%,3 302 €,3 292 €,78,3.1,3.2,3.1,3.7,2.3,3.5
92044,38 ans,552,158,,92044,69 481,70 000,43 331,,55,38,32,1,15,40,202,,3,3,2,92,3,3,85,47,2,1,7,9,9,4,1,32,3,7,68 092,,,7,1,1,30,1,5,2,7,19,,5,10,315,1,9,2,49,27,3,17,Levallois-Perret,département des Hauts-de-Seine,Mme Agnès POTTIER-DUMAS,la Métropole du Grand Paris,région Île-de-France,4.0,18%,21%,24%,17%,12%,6%,1%,40%,27%,33%,9%,3%,30%,14%,10%,80.42,75.69,55.2%,34 046 h/km²,34 500 €/an,4.1,3.3,4.3,4.1,4.2,239,2,7.1%,3 217,,89.52%,3.55%,62.14%,37.86%,9 444 €,11 953 €,55,4.0,4.1,3.3,4.3,4.1,4.2
92040,38 ans,619,185,,92040,67 831,67 783,45 197,1,50,36,18,,8,32,329,,3,3,1,55,2,4,79,34,4,3,9,3,16,5,2,25,,1,67 669,1,2,6,1,1,41,1,4,3,4,19,,3,15,176,,5,2,34,15,7,7,Issy-les-Moulineaux,département des Hauts-de-Seine,M. André SANTINI,la Métropole du Grand Paris,région Île-de-France,3.3,18%,19%,25%,19%,12%,6%,1%,41%,29%,34%,9%,2%,28%,15%,9%,79.43,75.92,56.8%,16 917 h/km²,33 650 €/an,3.5,3.1,3.6,3.1,3.5,642,4,6.4%,2 011,,86.85%,6.87%,57.76%,42.24%,8 047 €,11 037 €,50,3.3,3.5,3.1,3.6,3.1,3.5
62193,40 ans,1 816,102,62100,62193,63 971,62 785,50 946,,62,24,106,2,40,39,287,,1,1,1,126,2,7,13,28,,,6,7,23,9,9,72,1,4,67 571,3,3,4,2,6,44,1,4,1,,28,,5,1,101,2,3,13,36,18,8,8,Calais,département du Pas-de-Calais,Mme Natacha BOUCHART,,région Hauts-de-France,3.1,18%,21%,18%,20%,16%,7%,1%,4%,3%,29%,15%,12%,30%,20%,30%,64.89,66.4,42.5%,2 048 h/km²,18 090 €/an,3.3,2.9,3.3,2.9,3.0,774,33,15.9%,2 440,,87.56%,1.96%,55.93%,44.07%,1 528 €,1 513 €,62,3.1,3.3,2.9,3.3,2.9,3.0
91228,35 ans,1 342,139,,91228,66 246,66 128,33 337,13,42,33,9,3,18,25,714,2,5,26,3,79,1,6,28,12,1,,18,2,27,4,12,60,6,11,66 919,1,2,6,1,4,44,1,6,4,6,19,,1,30,78,2,8,3,50,14,5,2,Évry-Courcouronnes,département de l'Essonne,,,région Île-de-France,3.1,23%,23%,21%,17%,11%,4%,0%,11%,7%,39%,15%,10%,24%,11%,22%,67.63,59.36,46.4%,5 577 h/km²,19 160 €/an,3.2,2.9,3.6,2.3,3.6,848,12,11.8%,2 699,,92.06%,2.05%,58.71%,41.29%,2 440 €,2 951 €,42,3.1,3.2,2.9,3.6,2.3,3.6
69259,36 ans,1 372,179,69200,69259,67 794,68 103,29 229,,22,11,9,1,22,22,815,,,1,,65,2,6,30,11,,,17,2,22,6,11,138,,,65 502,,1,5,,4,36,,1,,3,22,,2,6,77,,5,6,30,7,9,,Vénissieux,département du Rhône,Mme Michèle PICARD,la Métropole de Lyon,région Auvergne-Rhône-Alpes,2.7,24%,20%,20%,17%,12%,7%,1%,5%,3%,39%,14%,14%,25%,15%,34%,68.5,58.22,42.7%,4 367 h/km²,17 140 €/an,2.8,2.8,3.0,1.9,3.1,1 814,15,13.8%,4 177,,91.51%,1.2%,66.01%,33.99%,2 184 €,3 907 €,22,2.7,2.8,2.8,3.0,1.9,3.1
68066,42 ans,1 207,176,68000,68066,66 608,66 304,41 864,5,65,34,76,2,18,45,273,,14,17,2,137,3,4,23,53,8,,17,2,13,8,16,95,3,13,66 970,6,5,11,3,4,49,5,10,9,5,23,5,10,14,247,6,10,11,53,10,17,9,Colmar,département du Haut-Rhin,M. Eric STRAUMANN,,région Grand Est,3.4,16%,20%,19%,20%,16%,9%,1%,11%,7%,27%,15%,13%,30%,22%,24%,67.54,65.97,47.9%,1 015 h/km²,21 120 €/an,3.6,3.5,3.2,3.3,3.2,390,66,11.6%,2 176,,90.63%,4.27%,62.22%,37.78%,0 €,0 €,65,3.4,3.6,3.5,3.2,3.3,3.2
33318,39 ans,511,445,33600,33318,69 333,70 078,43 198,20,43,27,12,1,10,33,317,,13,44,1,75,1,4,29,23,2,,15,2,14,7,8,53,7,7,67 339,2,3,6,,2,60,4,7,1,4,19,1,14,74,65,2,7,5,16,5,6,13,Pessac,département de la Gironde,M. Franck RAYNAL,Bordeaux Métropole,région Nouvelle-Aquitaine,3.6,16%,26%,17%,18%,13%,7%,1%,19%,12%,29%,11%,6%,29%,18%,14%,76.27,71.68,46.2%,1 772 h/km²,25 940 €/an,3.9,3.6,3.7,3.2,3.8,142,38,8.4%,2 390,,94.58%,1.66%,52.86%,47.14%,3 561 €,3 902 €,43,3.6,3.9,3.6,3.7,3.2,3.8
26362,41 ans,1 401,280,26000,26362,65 593,65 870,40 439,2,58,44,97,3,13,35,521,1,10,9,3,133,3,5,40,47,4,,17,8,21,10,8,107,9,2,64 458,2,4,5,7,6,59,2,10,1,1,31,4,5,23,180,2,8,9,79,13,15,7,Valence,département de la Drôme,M. Nicolas DARAGON,,région Auvergne-Rhône-Alpes,3.2,17%,22%,18%,17%,15%,9%,2%,12%,8%,25%,13%,10%,35%,21%,21%,72.29,67.89,44.8%,1 791 h/km²,20 610 €/an,3.2,3.6,3.3,2.6,3.4,771,36,11.6%,2 967,,84.46%,3.49%,56.51%,43.49%,2 162 €,2 605 €,58,3.2,3.2,3.6,3.3,2.6,3.4
94041,37 ans,1 067,218,,94041,66 806,67 440,29 966,,62,12,62,2,18,51,808,,1,,4,83,,5,42,15,1,,13,2,15,5,3,65,,,65 064,2,1,5,1,2,24,1,1,,2,16,,1,6,192,1,4,3,77,7,1,6,Ivry-sur-Seine,département du Val-de-Marne,M. Philippe BOUYSSOU,la Métropole du Grand Paris,région Île-de-France,2.4,18%,24%,23%,17%,11%,5%,1%,19%,13%,30%,15%,8%,29%,12%,25%,76.6,67.67,50.3%,10 844 h/km²,19 680 €/an,2.5,1.8,3.1,1.8,2.7,677,6,10.7%,3 124,,90.77%,3.05%,69.71%,30.29%,5 274 €,7 129 €,62,2.4,2.5,1.8,3.1,1.8,2.7
92024,37 ans,871,83,92110,92024,66 505,67 128,31 899,1,58,17,46,1,24,49,702,,1,2,,92,5,3,89,25,3,2,9,5,11,3,5,46,1,2,64 410,2,1,3,1,2,28,,4,3,1,18,,3,,214,,4,1,61,19,5,3,Clichy,département des Hauts-de-Seine,M. Rémi MUZEAU,la Métropole du Grand Paris,région Île-de-France,3.3,18%,21%,24%,18%,12%,4%,1%,23%,16%,32%,15%,6%,30%,12%,22%,75.7,69.48,54.9%,21 470 h/km²,22 410 €/an,3.3,2.7,3.4,3.4,3.8,315,3,9.9%,2 587,,91.44%,2.96%,71.53%,28.47%,7 497 €,16 605 €,58,3.3,3.3,2.7,3.4,3.4,3.8
29232,43 ans,1 047,177,29000,29232,64 289,64 397,43 724,9,114,51,77,5,14,34,211,,4,26,2,103,5,4,40,50,3,,3,10,17,9,18,69,4,7,64 385,1,4,7,7,5,45,7,12,1,8,25,3,11,16,149,3,7,9,38,11,2,14,Quimper,département du Finistère,Mme Isabelle ASSIH,,région Bretagne,3.5,14%,20%,17%,20%,18%,9%,1%,11%,7%,23%,13%,10%,37%,24%,16%,77.14,75.7,46.2%,766 h/km²,22 700 €/an,3.6,3.7,3.4,3.5,3.4,483,84,9.7%,1 803,,87.94%,2.87%,44.93%,55.07%,2 021 €,2 146 €,114,3.5,3.6,3.7,3.4,3.5,3.4
92002,40 ans,538,238,92160,92002,64 633,64 912,41 966,13,50,19,8,,11,22,309,2,11,34,,54,1,5,39,30,5,,10,2,13,3,6,37,9,14,64 263,,,4,1,2,56,2,8,4,12,20,5,5,3,101,2,10,3,46,12,5,5,Antony,département des Hauts-de-Seine,M. Jean-Yves SENANT,la Métropole du Grand Paris,région Île-de-France,3.8,18%,18%,20%,19%,14%,7%,1%,36%,23%,37%,9%,3%,23%,18%,11%,80.2,75.88,49.3%,7 140 h/km²,32 000 €/an,3.8,3.7,3.8,3.6,4.1,323,9,6.9%,2 157,,92.26%,1.67%,42.38%,57.62%,5 116 €,6 489 €,50,3.8,3.8,3.7,3.8,3.6,4.1
18033,43 ans,941,271,18000,18033,63 112,62 846,43 724,,69,49,57,4,20,38,357,,2,3,2,106,2,6,16,39,2,1,15,5,22,13,13,55,,2,64 186,2,2,4,3,8,29,1,3,2,,23,2,6,11,115,,6,9,42,14,12,9,Bourges,département du Cher,M. Yann GALUT,,région Centre-Val de Loire,3.3,15%,20%,16%,19%,18%,10%,2%,11%,7%,22%,13%,9%,34%,26%,20%,65.25,64.21,43.4%,944 h/km²,21 730 €/an,3.2,3.5,3.1,3.4,3.0,768,68,10.7%,2 002,,84.24%,2.65%,52.68%,47.32%,1 467 €,1 672 €,69,3.3,3.2,3.5,3.1,3.4,3.0
83126,45 ans,1 056,159,,83126,62 116,61 893,45 312,5,47,18,36,2,29,39,309,,4,12,1,142,2,4,27,35,1,,15,1,14,10,6,128,3,4,63 732,1,4,8,1,2,46,1,2,4,4,26,,8,8,117,1,10,6,44,6,10,10,La Seyne-sur-Mer,département du Var,Mme Nathalie BICAIS,la Métropole Toulon-Provence-Méditerranée,région Provence-Alpes-Côte d'Azur,2.6,16%,15%,17%,18%,20%,11%,2%,7%,5%,28%,15%,8%,25%,26%,22%,70.81,69.35,40.9%,2 897 h/km²,21 400 €/an,2.7,2.6,2.6,2.4,2.7,866,22,10.7%,2 068,,79.92%,10.24%,47.26%,52.74%,3 275 €,4 090 €,47,2.6,2.7,2.6,2.6,2.4,2.7
82121,42 ans,906,260,82000,82121,63 702,64 096,41 632,13,44,41,46,7,28,35,224,,17,18,2,131,5,4,38,48,2,,11,7,24,8,16,117,3,10,62 945,10,3,7,5,3,60,3,18,6,6,15,5,3,13,148,4,8,9,54,15,12,16,Montauban,département du Tarn-et-Garonne,Mme Brigitte BAREGES,,région Occitanie,3.3,17%,18%,17%,19%,18%,8%,1%,9%,6%,29%,13%,9%,26%,23%,22%,76.08,73.43,43%,466 h/km²,21 630 €/an,3.4,3.2,3.3,3.2,3.3,389,135,9.6%,1 806,,87.32%,1.6%,45.67%,54.33%,1 852 €,1 877 €,44,3.3,3.4,3.2,3.3,3.2,3.3
93007,35 ans,1 218,129,,93007,62 313,63 046,25 982,6,38,7,11,1,16,26,498,,4,15,,48,1,5,14,7,1,,17,1,16,1,1,63,2,8,62 376,,1,4,1,3,21,,,2,5,14,,,11,95,1,6,5,38,8,1,3,Le Blanc-Mesnil,département de la Seine-Saint-Denis,M. Thierry MEIGNEN,la Métropole du Grand Paris,région Île-de-France,3.5,22%,19%,19%,17%,10%,4%,1%,5%,3%,47%,15%,12%,16%,11%,36%,67.66,57.61,42.6%,7 797 h/km²,17 460 €/an,3.1,3.5,4.1,3.1,3.6,1 579,8,12.7%,2 233,,94.43%,1.31%,60.39%,39.61%,3 283 €,4 476 €,38,3.5,3.1,3.5,4.1,3.1,3.6
73065,40 ans,1 014,193,73000,73065,59 915,59 990,33 591,2,55,41,52,4,16,35,458,,8,12,5,118,2,4,9,41,5,,14,6,18,12,9,55,2,7,59 964,2,2,9,3,4,65,2,15,4,6,21,2,11,23,151,2,7,8,40,15,14,14,Chambéry,département de la Savoie,M. Thierry REPENTIN,,région Auvergne-Rhône-Alpes,3.6,17%,22%,18%,17%,14%,8%,2%,14%,9%,27%,13%,9%,33%,20%,19%,75.47,69.47,45.7%,2 855 h/km²,21 950 €/an,3.7,3.6,3.8,3.3,3.5,479,21,9.4%,2 181,,87.26%,2.98%,59.67%,40.33%,2 863 €,3 591 €,55,3.6,3.7,3.6,3.8,3.3,3.5
93055,36 ans,1 199,253,93500,93055,64 141,64 995,26 962,,32,15,50,2,26,45,1680,,1,2,1,90,3,4,140,17,1,1,11,5,13,2,4,79,1,1,61 929,,,2,1,3,25,,4,1,,15,,2,2,198,1,2,2,118,15,4,1,Pantin,département de la Seine-Saint-Denis,M. Bertrand KERN,la Métropole du Grand Paris,région Île-de-France,3.4,21%,18%,25%,17%,11%,4%,1%,18%,11%,36%,14%,9%,26%,11%,26%,74.6,66.14,50.1%,12 386 h/km²,19 740 €/an,3.5,3.2,3.8,2.6,3.8,954,5,11.3%,3 790,,93.79%,2.01%,71.78%,28.22%,5 818 €,7 195 €,32,3.4,3.5,3.2,3.8,2.6,3.8
10387,39 ans,1 427,151,10000,10387,63 208,63 427,30 515,3,85,32,56,3,23,28,551,,6,10,1,138,4,4,23,28,3,,9,10,18,10,8,62,4,12,62 088,3,,6,8,5,39,1,4,6,,15,,3,11,138,2,8,5,63,19,6,8,Troyes,département de l'Aube,M. François BAROIN,,région Grand Est,3.3,18%,25%,17%,16%,15%,8%,2%,9%,5%,20%,14%,12%,41%,20%,28%,67.55,66.49,43.8%,4 776 h/km²,18 260 €/an,3.5,3.2,3.2,3.3,3.1,429,13,14.9%,2 143,,86.39%,4.33%,71.05%,28.95%,1 749 €,2 036 €,85,3.3,3.5,3.2,3.2,3.3,3.1
83061,46 ans,864,200,83600,83061,60 061,60 816,39 359,4,65,27,60,1,16,39,257,1,5,16,1,135,,3,20,30,4,,11,2,12,5,5,144,1,5,59 719,2,2,9,,2,36,1,5,2,1,20,1,1,16,220,1,7,9,52,16,12,18,Fréjus,département du Var,M. David RACHLINE,,région Provence-Alpes-Côte d'Azur,3.7,14%,13%,15%,18%,19%,12%,2%,7%,4%,26%,14%,7%,26%,28%,23%,73.57,73.49,39.4%,585 h/km²,21 960 €/an,3.6,3.8,4.1,3.4,3.7,1 019,102,10%,2 256,,59.62%,37.03%,45.28%,54.72%,4 075 €,3 710 €,65,3.7,3.6,3.8,4.1,3.4,3.7
94076,38 ans,713,164,94800,94076,58 634,58 927,30 738,,91,16,16,2,8,27,525,,2,3,,47,1,5,34,9,2,,12,,12,2,7,39,,,60 183,1,1,4,2,,20,,3,1,3,15,,1,1,86,2,3,2,54,4,5,2,Villejuif,département du Val-de-Marne,M. Pierre GARZON,la Métropole du Grand Paris,région Île-de-France,2.6,16%,21%,20%,17%,12%,6%,1%,18%,11%,31%,14%,6%,28%,14%,22%,71.87,64.7,48%,12 037 h/km²,21 950 €/an,2.6,2.3,2.9,2.0,2.9,694,5,10.6%,1 893,,90.7%,3.02%,63.26%,36.74%,5 157 €,6 056 €,91,2.6,2.6,2.3,2.9,2.0,2.9
79191,43 ans,895,277,79000,79191,60 095,60 242,39 294,5,54,37,55,4,22,41,259,,12,18,3,98,4,6,20,29,2,,11,7,19,10,12,67,2,4,59 854,5,4,5,3,7,44,,8,4,,25,3,3,24,107,3,10,11,35,14,6,13,Niort,département des Deux-Sèvres,M. Jérôme BALOGE,,région Nouvelle-Aquitaine,3.1,15%,18%,18%,20%,16%,9%,2%,12%,10%,22%,14%,8%,35%,24%,20%,75.18,72.09,46.9%,880 h/km²,23 120 €/an,3.2,3.3,3.1,2.7,3.0,535,68,9.4%,1 974,,88.31%,3.04%,51.41%,48.59%,1 523 €,1 890 €,54,3.1,3.2,3.3,3.1,2.7,3.0
92051,43 ans,379,228,,92051,58 328,58 057,37 469,27,28,55,19,1,15,22,110,8,51,38,10,69,6,3,45,51,9,2,1,7,9,6,8,19,9,28,59 538,2,1,5,4,3,40,9,11,12,3,21,3,8,25,156,5,3,3,36,12,7,12,Neuilly-sur-Seine,département des Hauts-de-Seine,M. Jean-Christophe FROMANTIN,la Métropole du Grand Paris,région Île-de-France,4.0,16%,18%,17%,20%,16%,10%,2%,47%,26%,31%,7%,2%,31%,19%,8%,83.69,80.68,46.3%,19 846 h/km²,48 010 €/an,4.4,3.9,3.6,4.1,3.8,148,3,6.6%,2 670,,82.84%,8.02%,50.66%,49.34%,10 564 €,16 557 €,28,4.0,4.4,3.9,3.6,4.1,3.8
64102,43 ans,847,146,64100,64102,55 329,55 920,34 143,34,62,34,100,4,15,33,318,3,39,53,2,111,6,2,24,44,7,,7,9,13,8,7,62,19,14,54 306,4,1,7,4,3,70,10,17,6,4,23,8,18,43,210,5,8,8,36,11,7,12,Bayonne,département des Pyrénées-Atlantiques,M. Jean-René ETCHEGARAY,,région Nouvelle-Aquitaine,3.2,13%,20%,19%,18%,15%,9%,2%,13%,7%,21%,15%,9%,39%,22%,16%,73.64,69.88,47.8%,2 586 h/km²,21 780 €/an,3.4,3.0,3.4,3.2,2.7,294,21,8.7%,3 202,,89.73%,4.49%,63.48%,36.52%,3 926 €,4 859 €,62,3.2,3.4,3.0,3.4,3.2,2.7
95585,35 ans,1 277,88,95200,95585,59 609,59 806,28 284,5,50,12,25,,23,28,812,3,9,18,1,91,7,6,20,15,2,1,17,6,19,2,4,103,4,9,59 173,1,2,4,5,2,34,1,3,1,4,18,,3,1,82,,6,1,80,10,2,5,Sarcelles,département du Val-d'oise,M. Patrick HADDAD,,région Île-de-France,2.3,25%,21%,18%,18%,12%,5%,1%,5%,3%,46%,17%,11%,17%,12%,36%,64.38,55.05,42.5%,7 397 h/km²,16 520 €/an,2.0,2.0,3.0,1.5,3.0,895,8,14%,2 626,,94.75%,0.75%,69.83%,30.17%,2 294 €,3 242 €,50,2.3,2.0,2.0,3.0,1.5,3.0
56121,42 ans,1 200,134,56100,56121,58 139,58 225,39 010,,78,40,102,8,13,43,241,,5,1,3,108,2,3,22,43,2,,8,7,13,7,4,44,2,5,58 329,1,2,4,2,3,37,2,10,8,5,24,3,4,18,168,,8,7,43,19,4,9,Lorient,département du Morbihan,M. Fabrice LOHER,,région Bretagne,3.3,14%,21%,17%,18%,16%,10%,1%,10%,6%,20%,13%,10%,42%,24%,19%,70.95,69.53,43.9%,3 431 h/km²,20 860 €/an,3.3,3.3,3.3,3.2,3.2,874,17,11.2%,2 337,,88.62%,3.38%,58.29%,41.71%,2 364 €,2 969 €,78,3.3,3.3,3.3,3.3,3.2,3.2
11262,44 ans,1 178,296,11100,11262,58 524,59 030,39 431,,80,27,48,1,22,33,194,,1,8,2,141,2,5,14,34,3,,15,5,15,6,17,100,1,8,57 587,8,5,8,4,3,40,,9,1,1,23,3,4,18,204,1,7,13,56,18,14,13,Narbonne,département de l'Aude,M. Didier MOULY,,région Occitanie,3.0,15%,16%,16%,19%,19%,10%,2%,8%,5%,22%,13%,8%,32%,26%,23%,71.04,68.53,39.9%,333 h/km²,19 850 €/an,3.1,3.1,3.1,2.9,3.0,622,173,13.4%,2 908,,75.34%,16.33%,57.43%,42.57%,1 971 €,2 779 €,80,3.0,3.1,3.1,3.1,2.9,3.0
11069,44 ans,838,362,11000,11069,46 581,46 630,29 695,1,65,33,43,3,21,18,208,,6,3,1,110,1,6,11,28,3,,14,6,16,7,10,107,,1,46 080,1,3,6,3,4,18,1,4,,4,17,,3,12,211,3,9,11,57,14,13,10,Carcassonne,département de l'Aude,M. Gérard LARRAT,,région Occitanie,2.8,16%,18%,16%,20%,19%,11%,2%,8%,5%,23%,16%,8%,32%,26%,22%,74.1,71.25,41.8%,709 h/km²,19 240 €/an,2.8,3.0,3.0,2.5,2.6,353,65,13.2%,2 142,,85.02%,4.91%,52.78%,47.22%,1 171 €,1 560 €,65,2.8,2.8,3.0,3.0,2.5,2.6
56260,45 ans,928,149,56000,56260,55 701,55 976,39 069,16,101,44,65,9,12,41,192,3,14,23,4,107,6,2,33,42,8,,2,14,13,12,12,40,8,9,55 790,1,2,5,8,3,59,5,12,6,8,17,3,10,27,168,2,12,6,46,11,4,13,Vannes,département du Morbihan,M. David ROBO,,région Bretagne,3.8,13%,21%,15%,17%,19%,11%,2%,14%,8%,18%,13%,7%,39%,28%,15%,76.29,74.14,41.3%,1 743 h/km²,24 070 €/an,3.8,4.0,3.8,3.6,3.6,398,32,9.3%,1 782,,84.24%,7.37%,54.74%,45.26%,3 871 €,4 093 €,101,3.8,3.8,4.0,3.8,3.6,3.6
83069,47 ans,899,207,83400,83069,54 732,54 611,40 777,7,73,22,60,4,24,47,104,,5,19,4,129,1,3,16,43,1,,12,2,16,10,11,107,5,5,55 858,4,3,6,1,4,63,1,8,4,5,24,2,9,30,269,1,4,8,73,8,13,24,Hyères,département du Var,M. Jean-Pierre GIRAN,la Métropole Toulon-Provence-Méditerranée,région Provence-Alpes-Côte d'Azur,3.1,13%,14%,15%,19%,20%,13%,2%,10%,5%,24%,14%,6%,31%,31%,19%,73.44,73.26,40.2%,423 h/km²,22 960 €/an,3.2,3.5,3.2,2.9,2.8,686,132,9.6%,2 192,,68.11%,25.35%,50.52%,49.48%,4 017 €,5 328 €,73,3.1,3.2,3.5,3.2,2.9,2.8
41018,40 ans,1 123,152,41000,41018,47 318,47 469,28 341,1,56,40,63,2,14,23,351,,6,4,5,63,4,5,20,21,1,,15,6,19,6,13,45,,2,47 219,1,2,5,3,6,43,3,3,,2,13,2,7,8,94,1,5,6,33,11,8,9,Blois,département du Loir-et-Cher,M. Marc GRICOURT,,région Centre-Val de Loire,3.0,19%,20%,17%,17%,15%,9%,2%,11%,7%,26%,12%,11%,35%,21%,26%,67,65.61,41.7%,1 276 h/km²,19 360 €/an,3.3,3.3,3.3,2.6,2.5,280,37,12%,2 037,,84.21%,3.45%,61.8%,38.2%,1 716 €,1 775 €,56,3.0,3.3,3.3,3.3,2.6,2.5
31157,38 ans,312,76,31270,31157,21 755,22 189,12 475,,27,10,2,,8,11,98,,1,,,31,,1,11,8,2,,4,,5,1,2,51,,,20 662,1,1,2,,1,22,,1,,1,5,1,,2,33,,4,2,7,5,,6,Colomiers,département de la Haute-Garonne,M. Albert SANCHEZ,Toulouse Métropole,région Occitanie,2.8,20%,18%,20%,18%,14%,7%,1%,17%,11%,36%,12%,8%,22%,17%,16%,78.79,74.37,48.4%,1 589 h/km²,23 980 €/an,3.2,2.9,3.1,2.3,2.7,70,13,9.8%,592,,93.67%,1.29%,47.6%,52.4%,2 460 €,2 924 €,27,2.8,3.2,2.9,3.1,2.3,2.7
33167,39 ans,191,75,33270,33167,18 651,18 806,11 749,6,6,3,4,1,2,4,119,,3,20,,21,1,2,9,14,,,6,2,7,2,,26,5,2,18 300,,,3,,,20,1,5,7,,11,,6,40,5,2,,,5,2,2,3,Talence,département de la Gironde,M. Jean-Jacques PUYOBRAU,Bordeaux Métropole,région Nouvelle-Aquitaine,2.8,20%,17%,22%,19%,14%,6%,1%,8%,6%,37%,15%,12%,21%,17%,23%,70.49,65.42,46.6%,2 288 h/km²,20 850 €/an,3.3,2.7,2.5,2.5,2.8,76,8,10.4%,539,,92.17%,0.33%,53.53%,46.47%,3 145 €,3 486 €,6,2.8,3.3,2.7,2.5,2.5,2.8
69290,37 ans,621,118,,69290,50 737,51 303,29 534,3,23,18,6,,16,26,374,,4,8,2,60,1,4,24,18,,,7,1,16,3,4,123,3,2,49 229,1,2,4,,2,35,,3,2,2,20,1,,21,60,1,9,9,25,4,7,12,Saint-Priest,département du Rhône,M. Gilles GASCON,la Métropole de Lyon,région Auvergne-Rhône-Alpes,2.8,22%,19%,20%,18%,12%,7%,1%,9%,6%,39%,14%,11%,22%,16%,26%,70.11,64.23,46.6%,1 698 h/km²,21 420 €/an,3.0,2.8,3.3,1.9,2.9,145,29,9.4%,2 153,,91.11%,1.55%,50.01%,49.99%,2 919 €,4 341 €,23,2.8,3.0,2.8,3.3,1.9,2.9
67218,41 ans,290,89,,67218,27 628,27 722,17 966,,18,12,5,,3,8,77,,5,,,38,,2,18,15,3,,4,,6,2,5,56,1,1,27 872,,1,3,,3,26,2,,3,,9,,2,21,57,,4,3,13,5,5,4,Illkirch-Graffenstaden,département du Bas-Rhin,M. Thibaud PHILIPPS,Strasbourg Eurométropole,région Grand Est,4.1,15%,20%,19%,19%,16%,8%,1%,14%,10%,28%,14%,9%,29%,21%,16%,74.11,72.46,48.1%,1 267 h/km²,24 190 €/an,4.2,4.0,4.1,3.7,4.3,42,22,7.9%,811,,87.87%,2.96%,53.54%,46.46%,0 €,0 €,18,4.1,4.2,4.0,4.1,3.7,4.3
93078,34 ans,747,66,93420,93078,41 329,41 858,19 394,,23,11,7,,6,18,280,,,,,35,1,4,16,10,,,9,1,14,1,8,52,,1,41 470,,1,2,,2,10,1,1,,,9,,4,,35,,1,5,30,6,3,2,Villepinte,département de la Seine-Saint-Denis,Mme Martine VALLETON,la Métropole du Grand Paris,région Île-de-France,3.0,23%,19%,20%,16%,10%,4%,0%,6%,4%,49%,15%,9%,14%,11%,30%,67.47,56.82,41.1%,4 147 h/km²,19 060 €/an,2.7,3.0,3.3,3.0,3.3,535,10,10.9%,1 636,,94.06%,1.16%,47.32%,52.68%,3 033 €,3 300 €,23,3.0,2.7,3.0,3.3,3.0,3.3
34245,51 ans,6,0,,34245,1 751,1 753,1 467,,5,3,2,,2,2,,,,,,5,,1,,1,,,1,,1,2,,2,,,1 811,,,,,,2,,,,,1,,,,6,,1,1,2,1,1,1,Sète,département de l'Hérault,Mme Catherine COMBES,,région Occitanie,2.9,12%,10%,11%,19%,23%,15%,3%,6%,2%,24%,13%,9%,26%,37%,25%,75.46,74.23,33.6%,79 h/km²,19 720 €/an,3.8,3.4,2.4,2.8,2.0,0,23,8.7%,16,,59.49%,16.32%,32.26%,67.74%,1 292 €,1 422 €,5,2.9,3.8,3.4,2.4,2.8,2.0
78361,37 ans,673,65,,78361,43 634,43 540,22 184,1,50,19,27,,16,36,389,,3,7,,84,2,5,19,11,,,18,3,16,4,4,38,4,5,43 526,3,,3,2,2,37,2,4,1,5,12,,,9,97,3,2,1,48,4,4,7,Mantes-la-Jolie,département des Yvelines,M. Raphaël COGNET,,région Île-de-France,3.2,23%,21%,20%,17%,13%,7%,1%,8%,5%,39%,14%,11%,24%,14%,34%,67.13,58.42,42.5%,4 836 h/km²,17 310 €/an,3.0,3.4,3.6,2.5,3.5,1 092,9,13%,1 247,,94.3%,0.46%,69.74%,30.26%,2 632 €,3 081 €,50,3.2,3.0,3.4,3.6,2.5,3.5
92023,40 ans,528,226,92140,92023,57 707,58 284,36 492,,39,20,10,2,14,31,332,,3,3,,57,1,3,40,16,4,,9,1,12,7,3,41,2,4,58 576,1,,5,,1,32,3,1,1,2,16,,,13,111,3,4,5,38,14,4,10,Clamart,département des Hauts-de-Seine,,la Métropole du Grand Paris,région Île-de-France,3.7,17%,17%,18%,19%,12%,7%,1%,25%,17%,38%,11%,4%,23%,16%,15%,78.62,74.4,47.7%,7 322 h/km²,29 920 €/an,3.6,3.8,3.7,3.6,3.5,477,8,7.5%,1 734,,91.09%,3.01%,48.76%,51.24%,5 875 €,7 983 €,39,3.7,3.6,3.8,3.7,3.6,3.5
93053,36 ans,1 160,252,,93053,46 838,47 199,20 319,,58,10,16,2,16,26,489,,2,,,42,,4,20,12,2,1,11,1,11,3,7,47,,1,45 510,,,2,,2,11,,2,1,,10,,,1,55,1,3,4,50,2,2,2,Noisy-le-Sec,département de la Seine-Saint-Denis,M. Olivier SARRABEYROUSE,la Métropole du Grand Paris,région Île-de-France,2.2,23%,19%,22%,18%,12%,5%,1%,10%,7%,41%,17%,10%,22%,12%,28%,69.72,61.79,48.2%,9 102 h/km²,18 450 €/an,2.4,1.5,2.8,1.8,2.7,489,5,11.9%,2 185,,92.65%,0.82%,64.44%,35.56%,3 721 €,4 640 €,58,2.2,2.4,1.5,2.8,1.8,2.7
77186,42 ans,191,36,77300,77186,16 268,16 406,9 545,,33,14,24,3,3,12,42,,3,9,4,32,1,2,11,22,2,,3,3,5,4,5,8,2,7,15 583,1,,1,2,2,16,2,7,1,3,7,3,9,12,79,1,5,2,11,4,3,5,Melun,département de la Seine-et-Marne,M. Frédéric VALLETOUX,,région Île-de-France,4.1,15%,21%,18%,20%,15%,11%,2%,26%,16%,24%,11%,5%,36%,22%,13%,79.47,75.28,46.1%,91 h/km²,27 340 €/an,4.1,4.5,4.1,3.8,3.9,114,172,8.1%,649,,84.8%,4.36%,59.98%,40.02%,4 630 €,5 216 €,33,4.1,4.1,4.5,4.1,3.8,3.9
69118,40 ans,14,6,,69118,2 792,2 817,1 965,,2,,1,,,2,2,,,,,3,,,,1,,,1,1,1,,,8,,,2 746,,,,,,3,,,,,1,,2,,4,,1,1,,,1,,Écully,département du Rhône,M. Guy MARTINET,,région Auvergne-Rhône-Alpes,3.8,20%,15%,18%,20%,16%,7%,1%,6%,5%,41%,13%,12%,17%,20%,17%,79.85,77.4,48.1%,172 h/km²,24 520 €/an,4.0,3.5,4.0,4.0,3.5,0,16,6.4%,26,,92.49%,1.35%,30.02%,69.98%,2 401 €,2 921 €,2,3.8,4.0,3.5,4.0,4.0,3.5
06079,48 ans,352,48,,06079,21 081,20 944,19 140,,44,14,17,,11,16,83,,,,,64,,2,9,17,1,,4,,6,3,,46,1,1,21 640,,1,3,,,18,,2,2,1,9,,1,3,98,1,1,2,18,2,1,14,Menton,département des Alpes-Maritimes,M. Sébastien LEROY,,région Provence-Alpes-Côte d'Azur,3.8,14%,13%,16%,19%,21%,15%,2%,10%,7%,24%,15%,6%,27%,32%,19%,77.86,77.66,42.9%,698 h/km²,24 180 €/an,3.5,3.8,3.8,4.2,3.6,327,31,10.5%,952,,51.58%,43.28%,41.43%,58.57%,4 864 €,4 561 €,44,3.8,3.5,3.8,3.8,4.2,3.6
83129,49 ans,398,209,,83129,37 789,38 267,30 907,,34,11,24,,10,25,50,,2,,2,99,,2,15,26,,,6,,6,5,1,77,,1,37 109,,,3,1,1,17,1,6,,,15,,1,6,115,,1,5,28,6,11,10,Six-Fours-les-Plages,département du Var,M. Jean Sébastien VIALATTE,la Métropole Toulon-Provence-Méditerranée,région Provence-Alpes-Côte d'Azur,3.3,12%,11%,14%,19%,22%,15%,2%,9%,6%,24%,12%,5%,27%,33%,18%,73.99,74.49,38.8%,1 427 h/km²,24 660 €/an,3.2,3.2,3.6,3.5,3.1,128,26,9.2%,1 041,,65.42%,29.96%,35.84%,64.16%,4 910 €,4 898 €,34,3.3,3.2,3.2,3.6,3.5,3.1
60159,39 ans,652,55,60200,60159,40 734,40 770,24 598,6,34,27,56,4,10,22,196,3,4,18,1,64,3,4,24,27,1,,12,5,13,8,10,47,1,5,40 761,2,3,5,5,5,29,4,4,1,2,11,2,4,12,91,2,7,7,32,7,4,6,Compiègne,département de l'Oise,M. Philippe MARINI,,région Hauts-de-France,4.0,18%,24%,17%,17%,15%,8%,1%,16%,10%,26%,12%,8%,34%,19%,22%,69.41,67.63,42.4%,769 h/km²,21 000 €/an,4.2,4.2,4.2,3.5,4.0,1 306,53,10.8%,1 178,,90.43%,1.7%,64.99%,35.01%,2 527 €,2 977 €,34,4.0,4.2,4.2,4.2,3.5,4.0
84055,44 ans,0,0,84450,84055,1 660,1 680,1 337,,5,,,,1,,1,,,,,2,,,1,2,,,,,1,,,4,,,1 606,,,1,,,1,,,,,,,,,1,,2,,,,,1,Orange,département du Vaucluse,M. Daniel BELLEGARDE,,région Provence-Alpes-Côte d'Azur,0,17%,11%,19%,20%,20%,10%,0%,12%,7%,35%,12%,8%,13%,29%,13%,80.7,82.2,47.1%,803 h/km²,27 110 €/an,,,,,,0,2,5.2%,9,,94.35%,2.97%,20.81%,79.19%,3 657 €,2 764 €,5,0,,,,,
13054,41 ans,383,92,13700,13054,32 653,32 566,22 922,8,22,16,15,,12,24,119,1,5,11,3,72,1,2,10,12,3,,8,1,9,4,7,91,4,1,33 692,3,,5,,2,25,,,3,1,11,2,3,13,34,1,3,5,26,5,3,7,Martigues,département des Bouches-du-Rhône,M. Eric LE DISSES,la Métropole d'Aix-Marseille-Provence,région Provence-Alpes-Côte d'Azur,3.4,18%,15%,19%,19%,16%,8%,1%,6%,5%,36%,13%,10%,22%,20%,25%,70.59,70.34,45.1%,1 465 h/km²,21 690 €/an,3.3,3.0,3.7,3.1,3.7,348,23,9.3%,1 337,,91.03%,1.68%,40.76%,59.24%,2 479 €,3 836 €,22,3.4,3.3,3.0,3.7,3.1,3.7
13103,41 ans,645,162,,13103,44 636,44 590,32 330,4,92,22,35,1,16,24,195,,3,11,4,91,2,3,14,27,2,,14,3,12,6,11,84,2,4,44 194,1,3,6,3,2,33,1,5,2,3,16,1,2,11,103,1,9,8,30,9,8,13,Salon-de-Provence,département des Bouches-du-Rhône,M. Nicolas ISNARD,la Métropole d'Aix-Marseille-Provence,région Provence-Alpes-Côte d'Azur,3.2,18%,18%,20%,20%,15%,9%,1%,11%,8%,31%,14%,10%,26%,21%,21%,71.05,70.79,47.8%,631 h/km²,22 400 €/an,3.2,3.1,3.3,3.3,3.3,497,70,9.8%,1 468,,88.3%,1.02%,51.55%,48.45%,2 803 €,3 816 €,92,3.2,3.2,3.1,3.3,3.3,3.3
69271,41 ans,77,58,69680,69271,11 615,11 770,8 221,,12,9,1,,,5,23,,,,,12,,1,2,3,,,3,,4,2,,29,,,11 208,,1,1,,,6,,,,,5,,,,21,,,2,1,3,2,5,Saint-Fons,département du Rhône,M. Jean Jacques SELLES,la Métropole de Lyon,région Auvergne-Rhône-Alpes,3.9,18%,17%,17%,20%,16%,8%,1%,15%,13%,40%,11%,7%,16%,20%,14%,80.21,75.84,47.7%,1 019 h/km²,28 750 €/an,4.0,3.8,4.6,3.8,3.4,5,11,6.8%,524,,96.81%,0.69%,31.26%,68.74%,4 486 €,4 523 €,12,3.9,4.0,3.8,4.6,3.8,3.4
83143,47 ans,21,17,,83143,4 306,4 309,3 725,,5,,2,,2,2,3,,,,,8,,,1,1,,,,,1,1,1,3,,,4 335,,,,,,,,,,,1,,,,4,,,,,,1,,La Valette-du-Var,département du Var,M. Jérémy GIULIANO,,région Provence-Alpes-Côte d'Azur,0,14%,12%,15%,22%,24%,11%,2%,7%,4%,30%,11%,9%,18%,31%,20%,74.98,73.83,40.3%,111 h/km²,23 080 €/an,,,,,,0,39,10.7%,69,,81.56%,6.9%,28.41%,71.59%,2 441 €,2 036 €,5,0,,,,,
06030,46 ans,487,96,,06030,41 162,41 089,28 166,,19,18,14,1,16,32,323,,5,,,114,,2,12,30,3,,7,,7,7,2,122,,,41 938,1,1,7,,,39,,2,1,5,16,1,3,,61,1,1,6,31,3,4,24,Carros,département des Alpes-Maritimes,M. Yves PIGRENET,,région Provence-Alpes-Côte d'Azur,3.7,14%,14%,18%,20%,19%,13%,2%,9%,6%,26%,15%,8%,31%,28%,21%,72.79,71.92,44.1%,5 991 h/km²,22 250 €/an,3.8,3.4,3.7,3.7,3.9,51,7,9.8%,1 058,,79.96%,14.88%,42.4%,57.6%,3 887 €,5 931 €,19,3.7,3.8,3.4,3.7,3.7,3.9
13117,39 ans,396,83,13127,13117,36 582,36 898,24 789,6,31,8,5,,10,31,164,,3,5,3,69,1,4,10,16,1,,14,,14,2,1,101,,5,36 758,,3,5,1,2,33,,1,,1,13,1,4,5,73,,1,6,21,8,3,8,Marignane,département des Bouches-du-Rhône,M. Loïc GACHON,la Métropole d'Aix-Marseille-Provence,région Provence-Alpes-Côte d'Azur,3.0,20%,15%,19%,18%,15%,6%,1%,8%,6%,40%,14%,9%,18%,17%,23%,73.41,71.78,43.6%,1 021 h/km²,22 090 €/an,3.1,2.5,3.6,2.5,3.2,331,36,9.9%,1 623,,91.63%,1.25%,42.73%,57.27%,2 621 €,4 671 €,31,3.0,3.1,2.5,3.6,2.5,3.2
83144,44 ans,342,60,,83144,24 335,24 438,16 944,,20,16,20,1,5,14,60,,2,,4,57,,2,11,26,2,,5,1,5,5,3,41,1,2,23 719,,1,4,1,,26,,2,3,,9,,,9,55,,3,4,12,4,,7,La Garde,département du Var,M. Thierry ALBERTINI,la Métropole Toulon-Provence-Méditerranée,région Provence-Alpes-Côte d'Azur,2.7,15%,16%,19%,19%,18%,12%,2%,8%,6%,27%,17%,7%,26%,27%,17%,76.86,76.23,45.9%,1 581 h/km²,23 810 €/an,3.2,2.2,2.7,2.8,2.5,111,15,7.3%,784,,92.52%,1.26%,41.49%,58.51%,3 086 €,3 875 €,20,2.7,3.2,2.2,2.7,2.8,2.5
84087,42 ans,400,101,84100,84087,29 044,29 030,19 382,2,30,14,21,1,16,20,104,,6,7,1,73,1,3,9,12,1,,8,3,11,3,7,57,,2,29 706,2,1,2,1,4,13,,6,,2,11,1,2,1,63,,3,6,25,8,9,2,Cavaillon,département du Vaucluse,M. Jacques BOMPARD,,région Provence-Alpes-Côte d'Azur,3.4,17%,16%,17%,19%,16%,10%,1%,7%,4%,31%,14%,10%,27%,22%,25%,72.68,72.1,41.4%,401 h/km²,20 360 €/an,3.6,3.4,3.3,3.4,3.6,618,74,11.9%,918,,88.94%,1.6%,53.01%,46.99%,1 688 €,2 326 €,30,3.4,3.6,3.4,3.3,3.4,3.6
06012,43 ans,121,19,06240,06012,11 960,11 771,6 178,,5,7,7,1,5,10,14,,2,2,,21,,1,5,34,1,1,2,,4,2,,29,3,,11 936,,,4,,,14,1,3,1,3,5,,1,,37,,,2,13,2,1,4,Beausoleil,département des Alpes-Maritimes,M. Gérard SPINELLI,,région Provence-Alpes-Côte d'Azur,2.3,16%,18%,21%,27%,17%,9%,1%,8%,6%,33%,22%,14%,26%,22%,32%,65.39,66.48,54.6%,5 968 h/km²,22 510 €/an,2.2,2.2,2.4,2.2,2.4,8,2,6.4%,360,,61.91%,37.87%,55.78%,44.22%,7 001 €,11 935 €,5,2.3,2.2,2.2,2.4,2.2,2.4
13005,42 ans,727,220,13400,13005,48 679,48 990,33 500,6,45,20,29,1,20,33,175,1,10,18,7,120,1,3,20,38,4,,12,2,13,10,10,162,6,7,47 529,2,1,7,1,2,57,9,5,7,5,22,3,19,20,107,1,7,7,33,6,3,16,Allauch,département des Bouches-du-Rhône,M. Gérard GAZAY,la Métropole d'Aix-Marseille-Provence,région Provence-Alpes-Côte d'Azur,2.7,17%,17%,18%,20%,17%,9%,2%,9%,6%,34%,15%,9%,23%,23%,22%,72.34,70.38,44.4%,880 h/km²,22 550 €/an,3.0,2.2,2.8,2.6,3.0,661,54,9.8%,1 931,,91%,1.45%,51.74%,48.26%,2 942 €,4 613 €,45,2.7,3.0,2.2,2.8,2.6,3.0
83123,54 ans,201,100,,83123,18 578,18 822,15 799,,66,7,11,1,7,18,19,,1,1,1,55,,1,11,13,3,,2,1,2,6,1,32,,2,18 538,,,4,,,17,,1,2,2,8,1,,6,85,,3,1,12,3,3,5,Ollioules,département du Var,M. Ferdinand BERNHARD,,région Provence-Alpes-Côte d'Azur,3.5,9%,10%,11%,17%,26%,18%,3%,13%,6%,19%,9%,4%,27%,39%,18%,72.54,72.88,32.3%,976 h/km²,26 150 €/an,3.8,3.7,3.6,3.6,2.9,82,19,8.7%,613,,56.93%,38.99%,36.6%,63.4%,6 125 €,5 953 €,66,3.5,3.8,3.7,3.6,3.6,2.9
84029,41 ans,46,17,,84029,4 499,4 490,3 849,,3,3,2,,1,2,1,,,,1,12,,,5,,,,1,1,2,,,13,,,4 533,,,,,,3,,,,,1,,,,1,,1,1,2,1,1,,Bollène,département du Vaucluse,M. Philippe DE BEAUREGARD,,région Provence-Alpes-Côte d'Azur,4.3,20%,13%,20%,22%,18%,7%,1%,7%,6%,41%,13%,9%,15%,19%,18%,76.96,77.16,49.3%,267 h/km²,23 700 €/an,4.3,4.0,4.7,4.3,4.3,10,17,7.3%,57,,89.93%,2.02%,30.44%,69.56%,1 093 €,2 338 €,3,4.3,4.3,4.0,4.7,4.3,4.3
06057,44 ans,13,0,,06057,2 599,2 608,1 982,,3,1,3,,,2,5,,,,,5,,1,1,1,,,,,1,3,2,5,,,2 585,,,,,,4,,,1,,1,,,,1,,,,2,,1,2,Mougins,département des Alpes-Maritimes,M. Pierre DONADEY,,région Provence-Alpes-Côte d'Azur,4.4,17%,14%,17%,22%,16%,10%,3%,5%,2%,36%,17%,7%,19%,27%,21%,74.02,73.69,43.5%,259 h/km²,22 400 €/an,4.3,5.0,3.7,4.3,4.7,0,10,7.2%,22,,79.75%,8.66%,37.95%,62.05%,2 232 €,2 361 €,3,4.4,4.3,5.0,3.7,4.3,4.7
13112,43 ans,21,54,13880,13112,8 711,8 704,7 302,,8,2,1,,2,5,7,,,,,17,,1,6,6,,,2,,2,1,1,19,,,8 941,,,1,,,9,,1,1,,4,,,,12,,2,2,2,2,1,3,Istres,département des Bouches-du-Rhône,M. Yannick GUERIN,la Métropole d'Aix-Marseille-Provence,région Provence-Alpes-Côte d'Azur,4.1,17%,12%,18%,20%,19%,8%,1%,14%,11%,38%,9%,5%,15%,23%,16%,79.33,79.32,45.3%,358 h/km²,28 760 €/an,4.4,4.1,3.9,4.3,3.6,16,25,5.1%,214,,92.71%,1.97%,26.46%,73.54%,4 537 €,3 794 €,8,4.1,4.4,4.1,3.9,4.3,3.6
84056,40 ans,30,16,84150,84056,5 380,5 395,3 701,,7,1,2,,1,3,3,,,,1,9,,,6,2,,,1,2,2,1,,8,,,5 201,,,1,,,3,,,,,2,,,,2,,,2,2,2,,,Pertuis,département du Vaucluse,M. Louis BISCARRAT,,région Provence-Alpes-Côte d'Azur,2.7,23%,14%,21%,20%,16%,8%,1%,6%,4%,43%,15%,13%,15%,21%,18%,77.55,77.98,47.6%,226 h/km²,21 940 €/an,3.7,2.1,2.7,2.7,2.1,6,23,7.9%,56,,88.02%,1.48%,36.06%,63.94%,1 657 €,2 153 €,7,2.7,3.7,2.1,2.7,2.7,2.1
13041,41 ans,311,119,13120,13041,22 287,22 492,16 726,,23,8,16,1,9,13,45,,1,3,1,50,,2,7,5,1,,6,1,7,1,1,49,,1,21 597,,,4,,2,23,,2,4,1,8,,1,1,25,2,5,5,9,6,3,4,La Ciotat,département des Bouches-du-Rhône,M. Hervé GRANIER,la Métropole d'Aix-Marseille-Provence,région Provence-Alpes-Côte d'Azur,3.2,18%,18%,19%,20%,17%,8%,1%,9%,6%,34%,14%,10%,22%,21%,22%,70.57,68.28,46.7%,800 h/km²,22 780 €/an,3.5,2.5,3.6,3.0,3.4,453,27,8.2%,786,,93.64%,0.88%,50.49%,49.51%,3 334 €,3 741 €,23,3.2,3.5,2.5,3.6,3.0,3.4
13006,44 ans,0,5,13930,13006,1 528,1 526,1 344,,1,,1,,1,1,2,,,,,3,,,,,,,1,,1,,,3,,,1 533,,,,,,2,,,,,,,,,2,,,,1,,,,Aubagne,département des Bouches-du-Rhône,M. Lionel ESCOFFIER,,région Provence-Alpes-Côte d'Azur,5.0,17%,12%,20%,22%,22%,7%,1%,8%,8%,34%,16%,9%,17%,26%,20%,81.92,81.64,47.4%,73 h/km²,24 830 €/an,5.0,5.0,5.0,5.0,5.0,0,21,5.7%,18,,85.29%,7.48%,38.45%,61.55%,2 364 €,3 785 €,1,5.0,5.0,5.0,5.0,5.0,5.0
13036,46 ans,17,22,13630,13036,4 357,4 352,3 577,,2,1,2,1,1,2,1,,,,,8,,,3,3,,,1,,1,2,,3,,,4 298,,,,,,3,,,,,1,,,,6,,1,1,1,,2,1,Châteauneuf-les-Martigues,département des Bouches-du-Rhône,M. Max GILLES,,région Provence-Alpes-Côte d'Azur,4.1,16%,15%,16%,22%,21%,11%,2%,9%,7%,32%,12%,10%,20%,27%,21%,76.49,76.9,46.5%,215 h/km²,23 990 €/an,4.0,4.5,4.5,4.0,3.5,29,20,6.7%,104,,88.32%,5.28%,34.07%,65.93%,2 487 €,2 924 €,2,4.1,4.0,4.5,4.5,4.0,3.5
13004,44 ans,765,295,13104,13004,50 201,49 973,37 474,2,66,21,60,1,18,32,129,,7,9,2,108,2,4,13,21,1,,16,3,23,8,9,98,4,2,51 811,4,2,5,2,3,47,1,8,2,1,22,2,6,6,193,2,4,8,45,6,7,13,Arles,département des Bouches-du-Rhône,M. Patrick DE CAROLIS,,région Provence-Alpes-Côte d'Azur,2.7,16%,15%,17%,20%,20%,9%,1%,8%,5%,29%,12%,9%,26%,24%,27%,74.02,70.98,39.5%,68 h/km²,20 060 €/an,2.8,2.5,2.9,2.5,2.7,1 077,758,9.4%,2 057,,83.09%,4.92%,49.03%,50.97%,2 480 €,2 570 €,66,2.7,2.8,2.5,2.9,2.5,2.7
83140,43 ans,41,13,83170,83140,5 271,5 301,3 760,,10,1,2,,1,4,3,,,,,7,,,1,1,,,1,,1,1,,11,,,5 207,,,,,,4,,,,1,1,,,,6,,1,1,4,1,2,,Sanary-sur-Mer,département du Var,M. Jean-Michel CONSTANS,,région Provence-Alpes-Côte d'Azur,4.1,17%,14%,18%,21%,18%,8%,1%,8%,7%,34%,11%,8%,18%,24%,17%,76.54,75.09,46%,80 h/km²,22 240 €/an,4.1,4.5,4.1,4.2,3.4,19,65,9%,97,,78.21%,10.14%,26.86%,73.14%,1 818 €,2 441 €,10,4.1,4.1,4.5,4.1,4.2,3.4
13057,42 ans,0,0,,13057,544,548,442,,5,,,,,1,1,,,,,4,,,1,1,,,,,1,,,,,,564,,,,,,,,,,,,,,,2,,,,,,1,,Miramas,département des Bouches-du-Rhône,M. Laurent GESLIN,,région Provence-Alpes-Côte d'Azur,0,14%,15%,14%,24%,19%,4%,1%,10%,3%,34%,14%,11%,14%,21%,14%,86.65,87.78,45.9%,564 h/km²,26 870 €/an,,,,,,0,1,7.1%,0,,88.11%,6.97%,24.19%,75.81%,3 111 €,4 927 €,5,0,,,,,
13106,42 ans,82,51,,13106,12 279,12 434,8 226,,8,2,5,,4,6,36,,,,,22,,1,1,6,,,3,,5,1,2,27,,,11 995,,,2,1,,5,,,,,4,,,,8,,3,,6,2,2,,Tarascon,département des Bouches-du-Rhône,M. André MOLINO,la Métropole d'Aix-Marseille-Provence,région Provence-Alpes-Côte d'Azur,3.9,18%,14%,19%,18%,14%,9%,2%,7%,5%,37%,13%,8%,18%,21%,25%,74.4,70.09,43.7%,706 h/km²,22 740 €/an,3.6,4.0,4.0,4.0,4.0,275,17,9.9%,392,,94.57%,0.08%,33.09%,66.91%,2 733 €,3 599 €,8,3.9,3.6,4.0,4.0,4.0,4.0
84031,42 ans,540,172,84200,84031,31 871,32 234,19 269,1,43,16,17,2,15,18,177,,4,11,1,69,2,3,12,23,2,,9,1,11,3,6,67,1,2,31 619,1,1,3,2,3,12,3,8,3,1,10,,3,12,31,2,9,7,32,7,4,7,Brignoles,département du Vaucluse,M. Serge ANDRIEU,,région Provence-Alpes-Côte d'Azur,3.0,18%,15%,16%,18%,17%,9%,1%,6%,3%,31%,12%,12%,25%,23%,30%,70.36,69.06,39.6%,855 h/km²,18 780 €/an,3.3,2.9,3.5,2.1,3.0,648,37,13.7%,1 029,,85.6%,2.92%,53.81%,46.19%,1 650 €,2 435 €,43,3.0,3.3,2.9,3.5,2.1,3.0
04112,44 ans,406,95,04100,04112,23 295,23 427,15 533,,28,21,25,,8,15,74,1,5,13,1,50,1,3,8,19,1,,4,1,8,3,5,43,2,3,22 718,3,3,6,2,3,21,,5,,2,9,1,3,,72,,2,6,24,5,3,8,Manosque,département des Alpes-de-Haute-Provence,M. Camille GALTIER,,région Provence-Alpes-Côte d'Azur,3.0,18%,15%,18%,20%,17%,12%,2%,12%,7%,28%,12%,10%,29%,26%,22%,70.71,68.44,42.8%,406 h/km²,21 170 €/an,3.1,3.2,3.1,2.8,3.0,294,56,10.7%,737,,84.89%,3.27%,53.22%,46.78%,1 777 €,2 665 €,28,3.0,3.1,3.2,3.1,2.8,3.0
13045,42 ans,35,21,13690,13045,4 773,4 769,3 836,,2,2,3,,,2,1,,,,,13,,,3,1,,,1,1,1,1,,9,,,4 698,,,,,,4,,,,,1,,,,10,,,,1,1,,,Fos-sur-Mer,département des Bouches-du-Rhône,M. Michel PÉCOUT,,région Provence-Alpes-Côte d'Azur,3.4,19%,15%,20%,22%,19%,7%,1%,9%,7%,36%,15%,10%,20%,24%,17%,77.82,77.05,50.4%,204 h/km²,23 070 €/an,4.0,4.0,3.5,3.0,2.5,71,23,7.3%,102,,89.55%,2.94%,37.01%,62.99%,2 308 €,2 870 €,2,3.4,4.0,4.0,3.5,3.0,2.5
04070,46 ans,253,50,,04070,18 019,18 210,10 980,,29,15,17,3,8,11,22,,4,4,1,40,1,2,5,10,,,,1,11,4,4,28,2,2,17 979,5,2,2,1,3,12,,,1,1,7,,2,,42,,4,3,15,5,4,6,Digne-les-Bains,département des Alpes-de-Haute-Provence,Mme Patricia GRANET-BRUNELLO,,région Provence-Alpes-Côte d'Azur,3.5,14%,15%,14%,19%,20%,10%,2%,7%,4%,21%,13%,6%,35%,27%,21%,76.18,73.71,36.7%,154 h/km²,21 480 €/an,3.5,4.4,3.5,3.4,2.6,113,117,8%,545,,82.29%,6.92%,54.56%,45.44%,1 523 €,2 021 €,29,3.5,3.5,4.4,3.5,3.4,2.6
13064,43 ans,13,17,13940,13064,2 704,2 717,2 171,,3,,3,,1,4,1,,,,,3,,,2,,,,1,,1,,,8,,,2 647,,,,,,3,,,,,1,,,,4,,,,2,,1,,Port-de-Bouc,département des Bouches-du-Rhône,Mme Corinne CHABAUD,,région Provence-Alpes-Côte d'Azur,4.2,18%,14%,18%,23%,20%,8%,1%,8%,5%,36%,13%,10%,14%,26%,22%,78.9,80.14,48%,189 h/km²,24 800 €/an,4.0,4.7,4.0,4.3,4.0,0,14,7.3%,37,,87.03%,5.64%,29.55%,70.45%,2 860 €,2 958 €,3,4.2,4.0,4.7,4.0,4.3,4.0
13067,45 ans,20,10,13660,13067,2 541,2 488,2 138,,5,1,2,,4,4,4,,,,,8,,1,,1,,,1,,1,,,4,,,2 762,,,,,,2,,,,,1,,,,7,,,2,2,1,,,Rognac,département des Bouches-du-Rhône,M. Serge PORTAL,,région Provence-Alpes-Côte d'Azur,0,16%,14%,17%,22%,21%,9%,1%,6%,4%,31%,12%,10%,24%,26%,26%,75.26,73.06,42.9%,81 h/km²,20 490 €/an,,,,,,5,34,8.5%,76,,85.75%,5.43%,34.02%,65.98%,1 841 €,2 106 €,5,0,,,,,
13047,41 ans,639,155,13118,13047,44 746,44 907,30 422,,44,14,22,,11,15,152,,2,6,1,77,,4,16,25,2,1,11,1,14,3,7,55,,2,44 292,,2,5,1,2,21,,5,,2,13,1,,8,69,,7,4,21,5,7,8,Gardanne,département des Bouches-du-Rhône,M. François BERNARDINI,la Métropole d'Aix-Marseille-Provence,région Provence-Alpes-Côte d'Azur,3.4,18%,18%,19%,20%,18%,7%,1%,6%,5%,32%,16%,10%,22%,20%,19%,77.15,76.69,47.9%,392 h/km²,22 710 €/an,3.4,3.1,3.9,3.2,3.3,404,113,8.3%,1 195,,94.37%,1.81%,48.4%,51.6%,2 756 €,3 548 €,44,3.4,3.4,3.1,3.9,3.2,3.3
13033,42 ans,14,14,,13033,5 921,5 967,5 071,,4,,,,2,4,4,,2,,,8,,,3,5,1,,1,,1,,,14,,,5 757,,,1,,,3,,,,,2,,,,6,,,,3,1,1,1,Châteaurenard,département des Bouches-du-Rhône,M. Michel ILLAC,la Métropole d'Aix-Marseille-Provence,région Provence-Alpes-Côte d'Azur,3.2,18%,13%,20%,22%,18%,8%,1%,21%,16%,40%,8%,5%,15%,21%,11%,77.24,78.3,49.4%,230 h/km²,29 210 €/an,3.3,3.8,3.3,3.3,2.3,70,25,6%,152,,81.93%,12.96%,25.15%,74.85%,5 778 €,5 794 €,4,3.2,3.3,3.8,3.3,3.3,2.3
77183,39 ans,189,13,,77183,10 071,10 121,5 820,,16,7,5,,3,8,42,,1,,,15,1,2,5,13,,,2,1,3,2,2,13,,2,10 254,,1,1,1,1,10,,1,,,4,,1,13,15,,2,3,16,2,,3,Meaux,département de la Seine-et-Marne,M. Ugo PEZZETTA,,région Île-de-France,2.6,19%,18%,18%,18%,14%,7%,1%,7%,5%,36%,16%,10%,24%,18%,26%,68.68,64.16,44.8%,1 025 h/km²,21 220 €/an,2.8,2.7,2.3,2.9,2.2,103,10,11.8%,234,,82.09%,4.06%,50.72%,49.28%,1 748 €,2 088 €,16,2.6,2.8,2.7,2.3,2.9,2.2
77108,38 ans,650,165,77500,77108,54 893,54 959,33 025,,65,18,21,1,13,29,456,,2,5,2,62,2,5,15,16,,,15,2,17,4,3,75,3,2,54 620,1,4,4,3,3,35,,3,2,3,15,1,4,5,59,,3,6,42,8,3,6,Chelles,département de la Seine-et-Marne,M. Brice RABASTE,,région Île-de-France,3.5,22%,18%,21%,19%,14%,6%,1%,11%,9%,40%,15%,8%,21%,17%,21%,72.2,65.83,48.5%,3 641 h/km²,23 830 €/an,3.4,3.6,3.9,2.7,3.8,435,15,8.9%,1 533,,92.61%,1.31%,43.07%,56.93%,3 449 €,3 755 €,65,3.5,3.4,3.6,3.9,2.7,3.8
06081,56 ans,0,0,,06081,70,61,114,,5,,,,,,,,,,,,,,,,,,,,,,,,,,97,,,,,,,,,,,,,,,1,,,,1,,,,Roquebrune-Cap-Martin,département des Alpes-Maritimes,M. Ludovic SANCHEZ,,région Provence-Alpes-Côte d'Azur,0,9%,4%,10%,27%,35%,15%,2%,2%,0%,12%,0%,5%,29%,62%,22%,77.19,71.93,34%,3 h/km²,NC,,,,,,0,32,10.5%,0,,28.02%,51.21%,10.34%,89.66%,686 €,1 583 €,5,0,,,,,
13101,40 ans,10,9,,13101,3 526,3 546,2 665,,2,1,1,,1,,,,,,,4,,,1,1,,,1,,1,,,5,,,3 397,,,,,,3,,,,,1,,,,2,,,,,1,,,Saint-Rémy-de-Provence,département des Bouches-du-Rhône,M. Rémi MARCENGO,la Métropole d'Aix-Marseille-Provence,région Provence-Alpes-Côte d'Azur,3.8,21%,14%,23%,22%,17%,6%,1%,13%,12%,42%,13%,5%,12%,19%,12%,79.66,78.07,51.1%,679 h/km²,27 300 €/an,3.0,4.0,4.0,4.0,4.0,0,5,6.8%,42,,91.75%,1.42%,25.74%,74.26%,3 451 €,3 513 €,2,3.8,3.0,4.0,4.0,4.0,4.0
83139,51 ans,0,0,83690,83139,581,581,519,,5,,1,,,1,2,,,,,1,,,,,,,,,1,,,,,,581,,,,,,1,,,,,,,1,,11,,,,1,,,,Saint-Raphaël,département du Var,M. Fabien BRIEUGNE,,région Provence-Alpes-Côte d'Azur,0,11%,9%,13%,23%,31%,11%,2%,12%,8%,17%,8%,6%,25%,32%,18%,76.69,78.46,39.6%,21 h/km²,22 650 €/an,,,,,,0,28,10.7%,0,,40%,51.45%,37.17%,62.83%,2 964 €,2 224 €,5,0,,,,,
06085,44 ans,199,43,06250,06085,20 395,20 549,14 411,9,14,7,11,,7,15,51,2,7,13,1,44,,1,10,15,,,5,1,6,7,4,63,2,4,19 782,,,2,1,,20,1,4,5,,9,1,4,18,77,1,1,5,10,5,1,12,Le Cannet,département des Alpes-Maritimes,M. Richard GALY,,région Provence-Alpes-Côte d'Azur,3.7,17%,15%,19%,23%,18%,9%,2%,18%,13%,34%,13%,6%,19%,23%,17%,72.35,72.67,48.2%,791 h/km²,27 390 €/an,3.9,3.4,3.7,3.9,3.5,538,25,7.8%,612,,76.53%,18.67%,37.64%,62.36%,4 449 €,4 917 €,14,3.7,3.9,3.4,3.7,3.9,3.5
77152,37 ans,274,48,,77152,23 693,23 902,12 029,,17,7,3,1,6,10,264,,3,1,1,23,,2,3,2,,,8,1,7,1,6,38,,1,23 559,,1,2,1,1,7,2,,,2,6,,,14,29,,1,4,14,2,,5,Lagny-sur-Marne,département de la Seine-et-Marne,M. Gilles BATTAIL,,région Île-de-France,2.6,21%,18%,20%,18%,12%,6%,1%,9%,6%,36%,14%,10%,24%,15%,26%,67.22,60.51,44%,2 356 h/km²,20 310 €/an,3.1,2.8,2.8,2.0,2.5,108,10,10.8%,604,,93.94%,0.94%,57.48%,42.52%,2 733 €,2 945 €,17,2.6,3.1,2.8,2.8,2.0,2.5
13043,41 ans,103,24,,13043,10 621,10 772,8 028,,9,2,3,,4,7,7,,,,,19,,1,4,1,,,3,1,4,,,36,,,10 343,,,1,1,,7,,,,,3,,,,7,,,3,3,2,2,2,Éguilles,département des Bouches-du-Rhône,M. Christian AMIRATY,la Métropole d'Aix-Marseille-Provence,région Provence-Alpes-Côte d'Azur,3.0,17%,15%,20%,19%,18%,6%,1%,7%,6%,38%,13%,9%,15%,19%,21%,73.26,73.34,46.5%,1 293 h/km²,24 490 €/an,3.2,3.2,2.9,3.2,2.7,78,8,9%,239,,95.74%,0.51%,30.83%,69.17%,3 143 €,3 731 €,9,3.0,3.2,3.2,2.9,3.2,2.7
13052,41 ans,31,14,13910,13052,2 869,2 904,2 001,,1,,3,,,2,4,,,,,7,,,1,,,,,1,1,1,,6,,,2 775,,,,,,2,,,,,1,,,,4,,,,1,,1,,Lambesc,département des Bouches-du-Rhône,M. Eric LECOFFRE,,région Provence-Alpes-Côte d'Azur,4.4,19%,13%,20%,20%,16%,7%,2%,9%,5%,36%,14%,11%,17%,22%,18%,78.81,79.61,48.2%,173 h/km²,24 450 €/an,4.0,4.0,5.0,5.0,4.0,0,16,7.7%,51,,84.36%,7.22%,38.06%,61.94%,3 073 €,3 253 €,1,4.4,4.0,4.0,5.0,5.0,4.0
94046,39 ans,570,154,,94046,58 491,58 828,36 908,,45,25,27,2,13,37,251,,2,,,70,1,4,20,25,,,13,3,12,6,2,35,1,3,56 799,,,4,,2,31,,4,1,5,15,2,3,6,88,1,3,4,39,8,5,22,Maisons-Alfort,département du Val-de-Marne,M. Olivier CAPITANIO,la Métropole du Grand Paris,région Île-de-France,3.9,17%,21%,22%,19%,14%,7%,1%,23%,18%,34%,14%,5%,26%,18%,13%,77.9,73.02,54.9%,11 360 h/km²,28 010 €/an,3.9,3.7,3.9,3.7,4.1,948,5,7.3%,1 687,,91.1%,2.63%,56.11%,43.89%,5 516 €,7 354 €,45,3.9,3.9,3.7,3.9,3.7,4.1
13061,43 ans,0,0,,13061,229,231,194,,5,,,,,,,,,,,,,,,,,,,,1,,,1,,,229,,,,,,,,,,,,,,,,,,,,,,,Peypin,département des Bouches-du-Rhône,Mme Laurie PONS,,région Provence-Alpes-Côte d'Azur,0,17%,12%,19%,24%,14%,10%,1%,10%,8%,37%,6%,2%,21%,33%,17%,81.96,78.87,47.6%,57 h/km²,22 850 €/an,,,,,,0,4,8.2%,0,,79.84%,13.71%,42.42%,57.58%,3 659 €,2 271 €,5,0,,,,,
13058,49 ans,0,25,,13058,2 460,2 481,1 942,,1,1,3,,1,4,,,,,,7,,,1,1,,,1,,1,2,,3,,,2 347,,,2,,,5,,,,1,1,,,,15,,,,1,,,1,Meyreuil,département des Bouches-du-Rhône,M. Jean-Christophe CARRÉ,,région Provence-Alpes-Côte d'Azur,2.0,14%,11%,16%,20%,25%,13%,3%,11%,8%,26%,12%,7%,20%,36%,21%,82.08,83.42,42.1%,76 h/km²,26 190 €/an,4.0,1.0,3.0,1.0,1.0,0,31,8.7%,81,,61.66%,29.93%,39.64%,60.36%,4 719 €,6 489 €,1,2.0,4.0,1.0,3.0,1.0,1.0
13104,51 ans,34,12,,13104,7 540,7 531,6 836,1,11,1,1,,3,7,5,,,,,13,,1,2,3,,,1,,1,2,,1,,1,7 574,,,1,,,8,,,,,2,,2,,38,,1,,4,2,3,4,Sénas,département des Bouches-du-Rhône,M. Maxime MARCHAND,la Métropole d'Aix-Marseille-Provence,région Provence-Alpes-Côte d'Azur,4.3,11%,11%,13%,22%,24%,17%,2%,16%,12%,23%,10%,4%,25%,39%,14%,79.17,80.7,39.4%,631 h/km²,28 750 €/an,4.4,4.2,4.5,4.2,4.3,107,12,7%,255,,70.43%,25.46%,29.91%,70.09%,6 820 €,6 029 €,11,4.3,4.4,4.2,4.5,4.2,4.3
13053,43 ans,75,30,13370,13053,6 295,6 329,5 482,,6,4,3,1,4,7,6,,,,,16,,1,4,5,,,2,1,2,2,,15,,,6 166,,,2,,,5,,,,,2,,,,11,,2,3,3,2,1,1,Lançon-Provence,département des Bouches-du-Rhône,Mme Hélène GENTE-CEAGLIO,la Métropole d'Aix-Marseille-Provence,région Provence-Alpes-Côte d'Azur,3.0,18%,15%,17%,23%,18%,8%,2%,9%,7%,37%,13%,10%,17%,23%,20%,73.51,73.37,47.3%,220 h/km²,24 230 €/an,3.0,3.2,3.3,2.7,2.8,10,28,9%,181,,63.04%,30.29%,34.43%,65.57%,3 266 €,3 115 €,6,3.0,3.0,3.2,3.3,2.7,2.8
13060,41 ans,39,39,13590,13060,6 677,6 806,5 090,,2,1,3,,,2,7,,,,,10,,,4,2,,,1,,3,,,19,,,6 747,,,,,,3,,,,,2,,,,10,,1,2,3,,2,1,Peynier,département des Bouches-du-Rhône,M. Jean-Pascal GOURNES,la Métropole d'Aix-Marseille-Provence,région Provence-Alpes-Côte d'Azur,5.0,15%,14%,17%,20%,14%,5%,1%,17%,10%,43%,11%,6%,15%,14%,16%,78.25,79.29,44.3%,337 h/km²,27 130 €/an,5.0,5.0,5.0,5.0,5.0,36,20,6.9%,172,,94.07%,1.79%,34.52%,65.48%,4 092 €,4 113 €,2,5.0,5.0,5.0,5.0,5.0,5.0
13062,46 ans,12,17,13105,13062,3 980,3 922,3 976,,7,,1,,,4,8,,,,,8,,,3,4,,,1,,2,1,,4,,,4 241,,,,,,3,,,,,2,,,,4,,,,,1,1,1,Plan-de-Cuques,département des Bouches-du-Rhône,M. Georges CRISTIANI,la Métropole d'Aix-Marseille-Provence,région Provence-Alpes-Côte d'Azur,3.3,15%,12%,15%,23%,22%,10%,1%,16%,12%,38%,10%,5%,12%,28%,15%,80.13,79.37,43.2%,236 h/km²,29 340 €/an,4.1,4.1,2.6,3.0,2.7,0,18,6.7%,70,,95.4%,1.12%,18.84%,81.16%,2 387 €,3 788 €,7,3.3,4.1,4.1,2.6,3.0,2.7
13068,40 ans,0,20,13520,13068,2 301,2 337,1 659,,1,,,,1,1,,,,,,2,,,,,,,1,,1,,,1,,,2 159,,,,,,1,,,,,,,,,6,,,1,1,,,,Rousset,département des Bouches-du-Rhône,Mme Pascale LICARI,,région Provence-Alpes-Côte d'Azur,5.0,22%,10%,24%,18%,17%,8%,0%,13%,9%,44%,12%,7%,13%,19%,11%,77.46,78.95,47.5%,135 h/km²,27 350 €/an,5.0,5.0,5.0,5.0,5.0,0,16,6.1%,26,,61.74%,32.39%,20.62%,79.38%,3 679 €,4 413 €,1,5.0,5.0,5.0,5.0,5.0,5.0
13069,44 ans,83,29,13330,13069,11 159,11 269,9 151,,14,3,6,,3,6,8,,,,,18,,1,3,5,1,,,1,3,1,2,15,,,11 085,,,1,,,6,,1,,,3,,2,,11,,1,1,6,2,2,3,Le Rove,département des Bouches-du-Rhône,M. Pascal MONTÉCOT,la Métropole d'Aix-Marseille-Provence,région Provence-Alpes-Côte d'Azur,3.5,16%,13%,17%,21%,18%,9%,1%,15%,10%,34%,10%,5%,16%,24%,14%,76.91,76.19,44.3%,583 h/km²,27 170 €/an,4.1,3.1,3.6,3.3,3.6,46,19,6.6%,192,,93.18%,1.14%,26.95%,73.05%,3 048 €,3 568 €,14,3.5,4.1,3.1,3.6,3.3,3.6
13070,43 ans,62,36,,13070,6 686,6 716,5 028,,1,3,3,,9,7,7,,,,,10,,,2,2,,,3,,3,2,,28,,,6 605,,,2,,,6,,,,,3,,10,,15,,1,,11,,1,2,Saint-Chamas,département des Bouches-du-Rhône,Mme Christine CAPDEVILLE,la Métropole d'Aix-Marseille-Provence,région Provence-Alpes-Côte d'Azur,3.2,17%,16%,17%,20%,17%,9%,2%,9%,6%,36%,15%,7%,17%,24%,19%,74.32,72.92,45.6%,2 202 h/km²,24 300 €/an,4.0,2.0,4.0,3.0,3.0,109,3,6.9%,278,,94.22%,1.55%,41.91%,58.09%,3 605 €,5 065 €,1,3.2,4.0,2.0,4.0,3.0,3.0
13072,42 ans,0,14,13790,13072,3 847,3 898,2 864,,5,1,3,,1,3,1,,,,,4,,,1,4,,,,,1,,,2,,,3 739,,,,,,,,,,,1,,,,7,,,,1,,1,2,Saint-Marc-Jaumegarde,département des Bouches-du-Rhône,M. Christian BURLE,la Métropole d'Aix-Marseille-Provence,région Provence-Alpes-Côte d'Azur,0,17%,13%,19%,21%,18%,6%,1%,20%,11%,40%,8%,5%,17%,22%,9%,81.01,80.64,46.1%,156 h/km²,29 250 €/an,,,,,,32,24,6.3%,67,,87.63%,3.48%,25.96%,74.04%,3 781 €,3 491 €,5,0,,,,,
13075,47 ans,74,44,,13075,12 108,12 256,9 916,,13,5,3,,7,6,12,,2,1,,26,,1,6,10,2,,3,,3,4,,15,1,1,11 632,,,2,,,7,,1,1,1,4,1,,,18,1,2,1,8,3,,3,Saint-Savournin,département des Bouches-du-Rhône,M. Laurent SIMON,la Métropole d'Aix-Marseille-Provence,région Provence-Alpes-Côte d'Azur,4.4,14%,14%,15%,20%,19%,14%,3%,9%,7%,32%,12%,5%,22%,30%,20%,75.76,75.2,37.4%,1 454 h/km²,26 120 €/an,4.3,4.6,4.5,4.3,4.2,0,8,4.8%,322,,94.87%,1.12%,30.82%,69.18%,3 848 €,5 298 €,13,4.4,4.3,4.6,4.5,4.3,4.2
13073,44 ans,19,19,13124,13073,5 761,5 792,4 610,,8,,1,,4,4,6,,,,,11,,,3,3,,,2,,2,,1,14,,,5 771,,,,,,2,,,,,2,,,,8,,,2,2,2,1,,Saint-Martin-de-Crau,département des Bouches-du-Rhône,M. Jean Marie LEONARDIS,la Métropole d'Aix-Marseille-Provence,région Provence-Alpes-Côte d'Azur,3.0,16%,12%,18%,22%,21%,7%,1%,10%,8%,38%,13%,7%,16%,25%,17%,78.87,77.94,45.4%,444 h/km²,27 300 €/an,3.1,3.0,3.0,3.4,2.5,6,13,7%,146,,94.59%,1.43%,21.51%,78.49%,2 938 €,4 459 €,8,3.0,3.1,3.0,3.0,3.4,2.5
13080,43 ans,34,29,,13080,6 033,6 077,4 633,,1,3,2,,2,3,3,,,,,8,,1,1,4,,,1,,2,1,3,6,,,5 935,,,1,,,4,,,,,2,,,,11,,1,1,5,,1,1,Simiane-Collongue,département des Bouches-du-Rhône,M. Jean-David CIOT,la Métropole d'Aix-Marseille-Provence,région Provence-Alpes-Côte d'Azur,2.8,18%,13%,18%,22%,17%,9%,2%,16%,11%,39%,12%,6%,17%,20%,20%,75.37,75.46,44.8%,129 h/km²,26 760 €/an,4.0,2.0,2.0,4.0,2.0,51,46,6.3%,146,,88.95%,2.99%,34.11%,65.89%,2 035 €,3 523 €,1,2.8,4.0,2.0,2.0,4.0,2.0
13078,43 ans,123,12,,13078,8 420,8 408,6 317,,8,5,9,,1,5,4,,,,1,21,,1,,1,,,4,,3,1,,10,,,8 573,,,1,1,,5,,,,,2,,1,,27,,1,2,4,3,4,1,Sausset-les-Pins,département des Bouches-du-Rhône,M. Martial ALVAREZ,la Métropole d'Aix-Marseille-Provence,région Provence-Alpes-Côte d'Azur,2.1,17%,16%,17%,21%,17%,9%,1%,2%,1%,29%,13%,16%,24%,25%,34%,73.39,68.22,41%,117 h/km²,20 700 €/an,2.4,1.8,2.6,1.8,1.8,107,73,9.8%,425,,83.13%,6.34%,59.95%,40.05%,2 257 €,2 616 €,8,2.1,2.4,1.8,2.6,1.8,1.8
13082,46 ans,37,37,13840,13082,4 570,4 551,4 086,,2,1,1,,2,2,2,,,,,5,,1,1,3,,,1,,1,2,,7,,,4 693,,,1,,,5,,,,,1,,,,4,,,,3,1,1,,Trets,département des Bouches-du-Rhône,M. Jean-François CORNO,la Métropole d'Aix-Marseille-Provence,région Provence-Alpes-Côte d'Azur,3.3,15%,12%,16%,23%,20%,10%,2%,18%,12%,37%,9%,5%,16%,26%,14%,79.98,78.56,42.5%,81 h/km²,28 820 €/an,3.0,3.0,4.0,3.5,3.0,0,58,9.8%,76,,83.44%,6.39%,29.38%,70.62%,2 917 €,2 888 €,2,3.3,3.0,3.0,4.0,3.5,3.0
13083,45 ans,12,32,13870,13083,4 220,4 239,3 293,,2,3,4,,,3,2,,,,,6,1,,1,1,1,,1,1,1,1,,17,,,4 261,,,1,,,4,,,,,1,,,,4,,,2,1,1,,,Velaux,département des Bouches-du-Rhône,M. Yves PICARDA,,région Provence-Alpes-Côte d'Azur,4.5,15%,13%,15%,20%,19%,11%,1%,7%,6%,30%,11%,10%,21%,29%,21%,80.99,81.42,44.2%,473 h/km²,23 980 €/an,5.0,4.0,4.5,4.5,4.5,53,9,7.1%,86,,91.03%,1.2%,41.12%,58.88%,1 996 €,3 010 €,2,4.5,5.0,4.0,4.5,4.5,4.5
13076,42 ans,29,29,,13076,3 654,3 680,2 626,,7,,5,,,3,7,,,,,6,,,2,1,,,1,,1,1,1,10,,,3 573,,,,,,1,,,,,1,,,,6,,1,3,1,2,1,3,Saint-Victoret,département des Bouches-du-Rhône,M. Jean-Louis LEPIAN,,région Provence-Alpes-Côte d'Azur,3.5,19%,13%,21%,23%,17%,7%,1%,7%,4%,41%,13%,12%,14%,21%,25%,77.53,77.14,46.6%,255 h/km²,22 810 €/an,3.6,3.0,4.1,3.4,3.1,21,14,6.8%,102,,87.7%,3.34%,30.5%,69.5%,1 834 €,2 829 €,7,3.5,3.6,3.0,4.1,3.4,3.1
13084,43 ans,56,19,,13084,5 378,5 369,3 755,,5,1,3,,3,5,2,,,,,6,,,2,2,,,2,,2,3,3,4,,1,5 459,,,1,,,4,,,,1,1,,,,10,,,1,3,1,1,1,Venelles,département des Bouches-du-Rhône,M. Jean-Pierre SERRUS,la Métropole d'Aix-Marseille-Provence,région Provence-Alpes-Côte d'Azur,3.4,18%,14%,17%,22%,16%,9%,2%,10%,6%,38%,14%,8%,21%,23%,24%,74.7,71.56,42.6%,218 h/km²,22 940 €/an,2.8,3.8,3.8,2.8,4.0,41,25,8.3%,97,,90.58%,1.26%,45.64%,54.36%,2 324 €,3 180 €,5,3.4,2.8,3.8,3.8,2.8,4.0
13085,45 ans,11,35,,13085,6 039,6 082,4 679,,2,,1,,1,2,5,,,,,8,,,2,5,,,1,,1,3,,10,,,5 798,,,1,,,5,,,,,4,,,,6,,,,,1,,3,Ventabren,département des Bouches-du-Rhône,M. Marc DEL GRAZIA,la Métropole d'Aix-Marseille-Provence,région Provence-Alpes-Côte d'Azur,3.6,18%,12%,19%,20%,19%,12%,2%,15%,13%,38%,12%,4%,14%,24%,16%,78.48,78.71,44.8%,187 h/km²,27 130 €/an,4.0,4.5,3.0,3.5,3.0,0,31,6%,139,,91.09%,3.12%,30.17%,69.83%,3 725 €,4 447 €,2,3.6,4.0,4.5,3.0,3.5,3.0
13089,42 ans,14,16,,13089,3 409,3 423,2 656,,3,3,2,,1,5,3,,,,,5,,1,3,1,,,1,,1,1,,17,,,3 353,,,,,,4,,,,,1,,,,4,,,,2,,1,,Cabriès,département des Bouches-du-Rhône,M. Daniel ROBERT,,région Provence-Alpes-Côte d'Azur,4.0,19%,14%,19%,22%,17%,9%,1%,5%,3%,39%,14%,12%,19%,20%,24%,73.64,73.89,48.4%,210 h/km²,22 550 €/an,4.0,4.3,4.0,4.3,3.3,0,16,8.3%,52,,89.2%,3.44%,38.47%,61.53%,2 109 €,3 215 €,3,4.0,4.0,4.3,4.0,4.3,3.3
13090,49 ans,0,0,,13090,125,125,113,,5,,,,,,1,,,,,,,,,,,,,,,,,,,,126,,,,,,,,,,,,,,,1,,,,,,,,Cadolive,département des Bouches-du-Rhône,M. Christian DELAVET,la Métropole d'Aix-Marseille-Provence,région Provence-Alpes-Côte d'Azur,0,15%,6%,19%,19%,25%,15%,1%,38%,12%,32%,12%,12%,11%,24%,8%,87.61,90.27,42.1%,7 h/km²,34 270 €/an,,,,,,0,17,6.3%,12,,63.04%,23.91%,25.86%,74.14%,9 600 €,3 386 €,5,0,,,,,
13092,42 ans,57,55,,13092,8 851,8 901,6 515,,10,2,5,,5,4,9,,,,,10,,1,3,2,,,3,,2,1,2,12,,,8 676,,,1,,1,5,,,,,2,,,,10,,1,,6,1,1,,Carry-le-Rouet,département des Bouches-du-Rhône,M. Didier KHELFA,la Métropole d'Aix-Marseille-Provence,région Provence-Alpes-Côte d'Azur,3.3,18%,14%,19%,22%,17%,8%,1%,10%,9%,32%,12%,8%,20%,22%,15%,76.98,74.61,48.8%,334 h/km²,24 610 €/an,3.7,3.5,3.8,3.4,1.9,66,26,7.5%,227,,90.61%,3.11%,38.57%,61.43%,2 614 €,4 424 €,10,3.3,3.7,3.5,3.8,3.4,1.9
13093,41 ans,0,0,,13093,361,359,244,,5,,,,,,,,,,,,,,1,,,,,,,,1,,,,357,,,,,,,,,,,,,,,,,,,1,,,,Cassis,département des Bouches-du-Rhône,Mme Martine CESARI,la Métropole d'Aix-Marseille-Provence,région Provence-Alpes-Côte d'Azur,0,21%,12%,22%,27%,18%,6%,0%,13%,10%,43%,15%,6%,18%,24%,16%,81.97,84.84,48.2%,45 h/km²,28 260 €/an,,,,,,0,8,7.6%,0,,88.48%,4.24%,30.82%,69.18%,4 545 €,3 704 €,5,0,,,,,
13094,46 ans,0,15,,13094,2 518,2 525,1 877,,1,,1,,1,1,,,,,,3,,,1,,,,1,,1,1,,1,,,2 489,,,,,,3,,,,,1,,,,4,,,,1,,1,,Ceyreste,département des Bouches-du-Rhône,M. Jean MANGION,,région Provence-Alpes-Côte d'Azur,4.0,16%,11%,17%,20%,21%,11%,3%,11%,9%,33%,12%,5%,16%,26%,15%,81.89,81.26,43.6%,86 h/km²,25 960 €/an,4.0,4.0,4.0,4.0,4.0,0,29,5.7%,35,,81.81%,10.23%,28.15%,71.85%,4 914 €,4 400 €,1,4.0,4.0,4.0,4.0,4.0,4.0
13097,44 ans,192,45,,13097,14 036,14 108,10 503,,17,7,1,,2,10,10,,1,,,27,,1,7,5,1,,3,1,4,1,,21,,,14 145,,1,2,1,,11,,2,,,4,,,2,22,,2,2,7,4,2,2,Cornillon-Confoux,département des Bouches-du-Rhône,Mme Marie-Rose LEXCELLENT,,région Provence-Alpes-Côte d'Azur,3.6,16%,13%,17%,19%,18%,10%,1%,7%,5%,33%,12%,10%,20%,24%,24%,76.38,76.35,42.3%,66 h/km²,23 270 €/an,3.9,3.5,4.1,2.8,3.6,165,214,7.5%,494,,91.01%,2.72%,39.04%,60.96%,2 651 €,3 491 €,17,3.6,3.9,3.5,4.1,2.8,3.6
13095,48 ans,0,7,,13095,1 281,1 287,1 055,,1,1,,,,,1,,,,,,,,2,,,,,,1,1,,,,,1 273,,,,,,,,,,,,,,,2,,,,,,,,Charleval,département des Bouches-du-Rhône,M. Régis MARTIN,la Métropole d'Aix-Marseille-Provence,région Provence-Alpes-Côte d'Azur,3.8,15%,10%,11%,22%,25%,8%,4%,36%,19%,37%,2%,2%,12%,27%,11%,84.74,83.32,37.9%,58 h/km²,37 290 €/an,2.0,5.0,4.0,5.0,3.0,26,22,6.1%,11,,82.89%,8.2%,20.22%,79.78%,321 €,4 758 €,1,3.8,2.0,5.0,4.0,5.0,3.0
13098,47 ans,64,18,,13098,6 018,6 037,4 808,,9,1,5,,5,5,4,,,,,16,1,,1,2,,,2,,2,2,1,18,,,6 175,,,1,,,5,,,,,2,,,,16,,1,3,7,2,1,2,Cuges-les-Pins,département des Bouches-du-Rhône,M. Vincent GOYET,la Métropole d'Aix-Marseille-Provence,région Provence-Alpes-Côte d'Azur,3.1,13%,12%,15%,21%,21%,11%,1%,10%,8%,31%,12%,7%,15%,27%,17%,78.62,78.09,42.6%,294 h/km²,26 910 €/an,3.1,3.2,3.0,3.8,2.3,56,21,8.9%,149,,89.76%,2.08%,23.97%,76.03%,2 928 €,4 016 €,9,3.1,3.1,3.2,3.0,3.8,2.3
30107,37 ans,0,0,30390,30107,645,655,418,,2,,,,,,1,,,,,,,,1,,,,,,1,,,1,,,605,,,,,,,,,,,,,,,,,,,,,,,Alès,département du Gard,Mme Martine LAGUÉRIE,,région Occitanie,4.5,24%,15%,23%,19%,12%,5%,1%,14%,12%,40%,10%,10%,14%,12%,17%,87.32,83.49,49.9%,55 h/km²,25 750 €/an,5.0,5.0,4.0,5.0,3.5,0,11,5.7%,8,,85.61%,7.55%,32.77%,67.23%,2 627 €,2 922 €,2,4.5,5.0,5.0,4.0,5.0,3.5
65440,43 ans,902,138,65000,65440,45 654,46 149,26 459,1,68,33,42,4,23,30,293,1,14,12,3,115,3,6,19,35,5,,7,5,12,6,12,59,2,5,44 399,6,1,5,6,7,28,3,3,4,3,21,3,5,6,108,4,5,7,40,14,7,4,Tarbes,département des Hautes-Pyrénées,M. Gérard TRÉMÈGE,,région Occitanie,2.9,12%,24%,15%,16%,16%,10%,2%,8%,4%,15%,16%,9%,45%,24%,22%,68.55,65.25,40.9%,2 960 h/km²,19 070 €/an,3.0,3.1,3.1,2.7,2.8,486,15,13%,1 666,,82.94%,2.56%,65.14%,34.86%,1 297 €,1 846 €,68,2.9,3.0,3.1,3.1,2.7,2.8
22278,42 ans,965,93,,22278,43 846,43 749,29 232,1,100,29,73,3,13,24,254,,11,4,2,63,4,4,12,28,2,,6,8,15,11,13,46,,3,44 364,2,1,5,5,7,30,3,5,2,7,17,4,4,1,95,3,2,5,31,7,6,2,Saint-Brieuc,département des Côtes-d'armor,M. Hervé GUIHARD,,région Bretagne,2.9,16%,20%,17%,18%,16%,10%,2%,10%,7%,22%,12%,10%,37%,24%,19%,70.92,69.71,43.2%,2 113 h/km²,20 910 €/an,3.3,2.9,3.3,2.2,2.6,389,21,11%,1 762,,84.03%,4.9%,51.41%,48.59%,1 649 €,1 939 €,100,2.9,3.3,2.9,3.3,2.2,2.6
85191,42 ans,802,151,,85191,55 708,55 902,38 394,9,53,56,51,3,12,37,342,,10,26,3,79,3,4,26,33,,,15,8,15,10,23,57,3,12,54 849,1,5,7,8,5,23,3,9,5,2,16,,8,13,99,1,13,8,33,5,8,15,La Roche-sur-Yon,département de la Vendée,M. Luc BOUARD,,région Pays de la Loire,3.6,16%,22%,16%,19%,17%,9%,1%,9%,7%,23%,13%,11%,34%,25%,19%,72.51,71.22,45.1%,630 h/km²,22 310 €/an,3.7,3.6,3.6,3.6,3.4,483,87,9.4%,1 772,,92.39%,2.62%,52.41%,47.59%,2 425 €,2 372 €,53,3.6,3.7,3.6,3.6,3.6,3.4
36044,43 ans,651,168,36000,36044,42 495,42 342,29 547,,35,47,42,2,4,19,194,,2,6,1,70,2,6,12,18,,,14,2,15,8,13,49,,2,42 963,4,1,3,3,5,25,2,3,2,,14,2,3,6,66,2,7,7,29,7,6,7,Châteauroux,département de l'Indre,M. Gil AVÉROUS,,région Centre-Val de Loire,3.1,17%,18%,17%,19%,19%,10%,2%,7%,6%,22%,14%,11%,33%,27%,24%,68.22,67.68,42.4%,1 719 h/km²,20 300 €/an,2.9,3.2,3.4,3.0,2.8,309,25,11.7%,1 533,,83.17%,2.49%,53.34%,46.66%,1 197 €,1 433 €,35,3.1,2.9,3.2,3.4,3.0,2.8
16015,41 ans,1 264,236,16000,16015,41 276,41 213,25 270,4,52,35,45,7,11,28,263,,3,9,2,93,2,6,19,16,1,,13,3,15,8,10,35,1,1,41 908,2,1,7,3,7,19,,4,1,,15,2,7,10,121,,5,6,34,11,10,5,Angoulême,département de la Charente,M. Xavier BONNEFONT,,région Nouvelle-Aquitaine,3.2,15%,23%,18%,18%,15%,9%,2%,12%,8%,19%,14%,9%,42%,21%,20%,71.38,66.82,46.2%,1 996 h/km²,19 830 €/an,3.3,3.4,3.2,2.9,3.1,495,21,14.3%,2 571,,86.86%,2.43%,64.16%,35.84%,1 659 €,1 773 €,52,3.2,3.3,3.4,3.2,2.9,3.1
34145,42 ans,394,71,34400,34145,27 056,27 210,18 123,4,50,15,14,2,21,19,86,1,12,9,1,66,1,2,9,10,2,,6,1,7,3,11,77,3,2,26 623,2,3,3,,2,29,1,2,4,,11,3,3,18,47,3,5,6,40,4,4,8,Lunel,département de l'Hérault,M. Pierre SOUJOL,,région Occitanie,3.5,19%,16%,18%,20%,17%,9%,1%,7%,4%,34%,13%,12%,22%,21%,30%,71.96,68.11,41.9%,1 158 h/km²,19 600 €/an,3.4,3.4,3.8,3.0,3.9,828,23,13.3%,794,,92.17%,1.37%,47.62%,52.38%,2 238 €,2 970 €,50,3.5,3.4,3.4,3.8,3.0,3.9
30028,44 ans,220,63,,30028,18 101,18 093,12 997,,84,11,13,1,10,12,39,,3,5,2,39,1,3,1,9,2,,4,1,4,4,11,34,2,1,18 112,1,1,4,1,1,11,,1,,2,6,,1,8,37,1,3,3,23,6,4,3,Bagnols-sur-Cèze,département du Gard,M. Jean-Yves CHAPELET,,région Occitanie,2.4,18%,15%,16%,19%,18%,11%,2%,7%,5%,27%,12%,12%,30%,25%,29%,68.5,66.55,39%,584 h/km²,19 140 €/an,2.7,2.3,2.8,1.9,2.4,429,31,12.8%,562,,83.08%,2.1%,54.29%,45.71%,1 302 €,2 363 €,84,2.4,2.7,2.3,2.8,1.9,2.4
81004,45 ans,700,160,81990,81004,50 642,50 809,33 291,3,53,30,40,6,14,35,278,,,16,4,100,2,4,27,26,6,,,6,12,9,16,83,2,2,51 290,2,2,7,4,5,31,1,4,9,,21,2,4,20,141,5,10,10,40,11,14,16,Albi,département du Tarn,Mme Stéphanie GUIRAUD-CHAUMEIL,,région Occitanie,3.5,12%,21%,14%,17%,17%,11%,2%,11%,6%,20%,12%,7%,38%,27%,22%,74.29,70.71,39.5%,1 166 h/km²,21 650 €/an,3.7,3.5,3.6,3.3,3.2,1 195,44,11.3%,1 493,,88.48%,3.41%,53.94%,46.06%,2 234 €,1 921 €,53,3.5,3.7,3.5,3.6,3.3,3.2
81065,45 ans,729,180,81100,81065,43 096,43 264,30 143,,21,29,26,1,23,20,148,1,2,4,3,94,4,3,13,28,1,,9,8,13,5,10,71,,5,42 505,8,4,5,5,3,25,1,1,3,1,15,3,4,5,88,,6,8,25,12,11,18,Castres,département du Tarn,M. Pascal BUGIS,,région Occitanie,3.3,15%,18%,15%,20%,19%,12%,2%,8%,6%,25%,14%,9%,30%,28%,24%,72.52,69.97,42.3%,434 h/km²,20 940 €/an,3.1,3.6,3.5,3.1,3.4,305,98,11.3%,1 130,,86.86%,1.72%,44.51%,55.49%,1 553 €,1 424 €,21,3.3,3.1,3.6,3.5,3.1,3.4
11076,43 ans,191,46,11400,11076,12 901,13 066,7 378,,18,6,6,,6,10,10,,1,4,2,26,1,2,5,15,,,3,1,4,4,3,35,,3,12 151,3,2,2,,2,7,,1,,,4,,,,33,2,3,5,10,3,4,6,Castelnaudary,département de l'Aude,M. Patrick MAUGARD,,région Occitanie,3.1,15%,22%,17%,18%,16%,12%,2%,7%,5%,24%,20%,9%,31%,26%,23%,69.99,68.37,45%,259 h/km²,19 700 €/an,3.3,2.6,3.1,3.3,3.0,72,47,9.3%,441,,90.51%,1.87%,56.47%,43.53%,1 042 €,1 254 €,18,3.1,3.3,2.6,3.1,3.3,3.0
47001,41 ans,783,102,47000,47001,31 701,31 493,18 025,8,61,29,46,3,7,22,293,1,8,19,3,81,2,4,21,22,3,,9,4,10,8,6,27,3,1,32 801,1,2,3,2,3,28,,9,,3,15,2,6,10,108,3,5,3,33,7,4,9,Agen,département du Lot-et-Garonne,M. Jean DIONIS DU SÉJOUR,,région Nouvelle-Aquitaine,3.4,16%,23%,18%,17%,14%,9%,2%,10%,7%,19%,15%,11%,43%,21%,22%,72.63,68.4,46.4%,2 982 h/km²,19 160 €/an,3.6,3.4,3.5,3.0,3.3,360,11,11.7%,1 506,,79.2%,5.34%,67.94%,32.06%,1 598 €,1 787 €,61,3.4,3.6,3.4,3.5,3.0,3.3
40088,47 ans,609,78,40100,40088,22 053,22 206,14 313,5,43,21,41,3,8,19,120,,3,13,2,71,1,2,7,23,,,5,1,5,6,3,21,3,6,22 109,3,2,4,1,1,35,1,5,4,,12,3,4,17,78,1,2,5,16,5,7,7,Dax,département des Landes,M. Julien DUBOIS,,région Nouvelle-Aquitaine,3.5,11%,17%,15%,18%,19%,12%,2%,7%,4%,17%,14%,10%,41%,30%,25%,75.04,72.61,40.7%,1 164 h/km²,20 570 €/an,3.5,3.4,3.5,3.5,3.3,216,19,12.8%,1 549,,72.06%,18.82%,61.54%,38.46%,2 352 €,2 352 €,43,3.5,3.5,3.4,3.5,3.5,3.3
64024,47 ans,352,181,64600,64024,43 415,43 920,32 710,,36,21,25,1,13,31,148,,,2,1,90,1,1,20,36,4,,7,5,7,6,5,67,3,1,43 271,,4,4,3,1,46,1,2,,6,16,1,5,2,126,,2,4,17,8,8,14,Anglet,département des Pyrénées-Atlantiques,M. Claude OLIVE,,région Nouvelle-Aquitaine,3.9,12%,14%,16%,19%,19%,12%,2%,13%,7%,22%,13%,6%,32%,29%,13%,77.36,75.27,41.3%,1 664 h/km²,25 060 €/an,3.8,4.0,3.8,4.0,3.8,62,26,9%,1 368,,78.07%,15.16%,43.91%,56.09%,5 327 €,8 499 €,36,3.9,3.8,4.0,3.8,4.0,3.8
82190,41 ans,0,16,,82190,4 997,5 026,3 568,,3,3,3,,2,2,3,,,,,5,,1,3,5,,,1,,2,1,1,8,,,4 961,,,,,,2,,,,,1,,,,3,,,2,1,2,1,,Moissac,département du Tarn-et-Garonne,M. Stéphane TUYERES,,région Occitanie,3.8,21%,12%,22%,19%,14%,8%,2%,7%,7%,36%,10%,12%,20%,19%,23%,76.54,74.01,46.1%,138 h/km²,22 480 €/an,3.3,4.7,3.7,3.7,3.7,12,36,9%,68,,86.37%,2.49%,33.96%,66.04%,1 611 €,1 560 €,3,3.8,3.3,4.7,3.7,3.7,3.7
